SG1 [strain],SG2 [strain],SG3 [strain]
0,0,0
-0.000611616637343104,0.0685572130978471,0.132901436340944
-0.0110964732793946,0.0299334310707309,0.148619083212907
0.0325904293972599,-0.0420472536161469,0.189659605604902
0.133070305553701,0.0281778046150976,0.187039997792454
-0.07138439897426,-0.0552144520347611,0.0761432670751674
0.118216758643484,0.0589012675909544,0.179181174356017
0.0465702382530253,-0.118417004442563,0.315400780591517
0.0500651904676488,-0.104371992796587,0.319766793611961
-0.0844904697773927,-0.128072949949001,0.108451763425364
-0.0338136626714913,-0.144751401279336,0.144253070193372
-0.041677305153371,-0.0429250668444183,0.257769408723107
0.0273480010764615,-0.212343019827131,0.221968101955099
0.093752093144758,-0.114905751531751,0.272613852992436
-0.0198338538148164,-0.099105113429232,0.24030535664042
-0.14914708573815,-0.250966801853792,0.414072674851013
0.0483177143605644,-0.144751401279336,0.173068756127577
-0.00235909274488222,-0.0762819695037251,0.332864832673295
0.00987324000470835,-0.094716047289694,0.375651760273286
0.0465702382530253,-0.232532724068278,0.390496204541705
0.0107469780582505,-0.0868157282388893,0.362553721211953
-0.032066186564407,-0.142117961595432,0.32849881965285
-0.0215813299219008,-0.056092265262123,0.604430842539841
-0.215551177807356,-0.0876935414662512,0.465591628491893
0.0229793108078411,-0.056092265262123,0.43415633474433
-0.00672778301213839,-0.13597326900026,0.547672673274974
-0.00760152106568057,-0.182497370078636,0.43415633474433
0.0622975232172394,-0.0192241096910948,0.299683133717735
-0.0941015883654472,-0.0876935414662512,0.455986399846552
0.0439490240923988,-0.00166784513339735,0.468211236303432
0.036959119664516,-0.0525810123504016,0.448127576411025
0.0107469780582505,0.036078123666357,0.393989014957697
0.100741997573095,-0.0613591446299324,0.414945877456375
0.0177368824870427,-0.125439510266006,0.474323654532782
0.105110687840806,-0.0543366388064896,0.490914504010107
-0.0949753264189894,-0.114905751531751,0.44987398161993
-0.0408035671002835,-0.0297578684258042,0.508378556090975
-0.041677305153371,-0.0894491679223393,0.424551106100807
0.0325904293972599,-0.0876935414662512,0.572995548794097
-0.0853642078300254,-0.0139572303237401,0.525842608172752
0.0806460223416252,-0.101738553113137,0.600064829519397
0.0072520258440818,-0.0385360007048803,0.558151104523859
-0.0818692556163114,-0.183375183306453,0.50401254307144
0.00288333557682563,-0.119294817670379,0.589586398270512
-0.0381823529392022,-0.131584202860722,0.687385089927375
-0.0172126396546446,-0.0683816504524657,0.552038686294509
0.0911308789841314,-0.0271244287423542,0.719693586277572
-0.0434247812609101,-0.219365525650119,0.666428227430515
-0.160505680434198,-0.164941105520938,0.654203390972725
-0.0530358998498741,-0.207076140459321,0.638485744099853
-0.0477934715277115,-0.0613591446299324,0.702229534195794
-0.0110964732793946,-0.145629214507153,0.620148489414532
0.00463081168391,-0.259744934133323,0.665555024824243
0.0754035940199174,-0.206198327231505,0.593079208686504
0.0194843585932176,-0.171085798116565,0.653330188369182
0.112974330322231,-0.230777097612645,0.740650448775341
-0.000611616637343104,-0.0701372769085538,0.61316286858073
0.000262121416199079,-0.190397689129895,0.730172017526456
0.00637828779053962,-0.200931447863695,0.637612541494491
0.0124944541653349,-0.156162973241862,0.524096202964756
-0.0486672095817084,-0.141240148367615,0.628007312849149
0.0640449993247785,-0.237799603435178,0.700483128987798
0.0282217391286395,-0.116661377986929,0.744143259191333
0.0282217391286395,-0.331725618819746,0.745016461796695
0.0465702382530253,-0.235166163751728,0.850673976888174
0.00637828779053962,-0.313291541033777,0.921403387817918
-0.0364348768321179,-0.205320514003688,0.717073978465123
0.0186106205401302,-0.281690264830104,0.772958945127357
0.0998682595195532,-0.496754505662921,0.736284435754897
0.00812576389807873,-0.329092179135841,0.790422997207315
0.0290954771826364,-0.286079330970097,0.680399469094482
-0.139535967149641,-0.301002155843889,0.892587701883713
0.0290954771826364,-0.25272242830988,0.724932801902469
-0.0128439493869337,-0.311535914578599,0.739777246170888
0.0378328577180582,-0.25535586799333,0.796535415435756
-0.0242025440829821,-0.172841424571743,0.892587701883713
-0.00760152106568057,-0.448474778128912,0.739777246170888
-0.10546018306195,-0.36069345533997,0.85242038209617
0.0177368824870427,-0.294857463248263,0.807887049289093
0.0474439763070222,-0.293101836793085,0.924022995632185
-0.0460459954210819,-0.223754591789657,0.793915807624217
0.0649187373783207,-0.299246529388256,0.926642603442815
0.0072520258440818,-0.244822109259076,0.812253062310447
0.0684136895915799,-0.371227214075134,0.959824302398374
0.0745298559663752,-0.189519875901624,0.88560208105082
0.0858884506624236,-0.245699922486892,0.913544564381482
-0.0329399246179491,-0.331725618819746,0.835829532618845
-0.0783743034025974,-0.278179011918837,0.835829532618845
-0.0766268272950583,-0.2413108563469,0.914417766985935
0.0448227621468504,-0.264134000272406,1.0122164586428
-0.0137176874400211,-0.178986117166914,1.02880730812103
0.100741997573095,-0.278179011918837,0.96157070760637
-0.157884466273572,-0.384394412493293,0.867264826366409
-0.0932278503128146,-0.283445891285737,0.872504041990396
-0.014591425494018,-0.321191860085037,1.00785044562235
0.00550454973745218,-0.338748124643189,1.02706090291122
-0.0469197334755336,-0.408973182874433,0.950219073753942
-0.118566253865083,-0.279056825146199,0.906558943549499
-0.0993440166876098,-0.292224023564813,0.954585086773477
-0.0740056131344318,-0.277301198691021,0.959824302398374
-0.132546062721303,-0.37737190666985,1.13184521540097
-0.0757530892410614,-0.224632405017474,1.08905828780007
-0.0783743034025974,-0.240433043119538,1.04889096801435
-0.14128344325627,-0.410728809329612,0.945853060732588
0.0395803338255973,-0.405461929962712,1.12573279717253
-0.00760152106568057,-0.358937828884336,0.889968094072174
0.0360853816114286,-0.421262568064776,1.08032626176009
-0.0469197334755336,-0.365082521479508,0.956331491981473
-0.0582783281706725,-0.471297922053964,1.12660599977607
-0.0731318750808896,-0.47744261464959,1.04714456280544
-0.0163389016006477,-0.387027852176743,1.12573279717253
0.15054506662409,-0.365082521479508,1.10652233988276
0.0325904293972599,-0.427407260659947,0.993879203957476
0.0229793108078411,-0.305391221983427,0.945853060732588
-0.0032328307984244,-0.504654824713725,0.985147177916588
-0.0530358998498741,-0.48270949401649,0.937994237296152
-0.0355611387785757,-0.407217556417891,0.979034759687238
-0.0923541122588176,-0.523966715727511,1.11350796071474
-0.196328940629883,-0.488854186611661,1.05849619665878
0.0422015479862239,-0.518699836360611,1.13621122842051
-0.0425510432069132,-0.532744848006132,1.2523471747636
0.0159894063795036,-0.581902388768867,1.52391318463015
-0.765132413481751,-1.65459015324859,4.57662948847337
-2.11855265841041,-3.85175666265695,9.78964903479664
-4.05300870894052,-6.98818332590599,17.6982450198966
-4.33173114801821,-9.50750728994853,22.1873796074424
-3.00627052080335,-11.1665742906598,23.9984018082923
-1.1985064880364,-12.2339951757735,24.0481743567252
0.872252698845386,-13.2487472672142,23.5399704411539
2.38731448367798,-14.1985411797905,23.2823756729513
3.86742674636935,-14.719084423929,23.1496488771318
5.01464481066296,-15.2966855278805,22.9741351537141
6.16098913690257,-16.0770614874741,22.947065872987
7.2016111586654,-16.5265018601535,22.7619469209239
7.95477336081331,-17.3305787769,23.2596724052464
8.35057669906519,-18.0012280830078,24.0184854681866
9.22169353844174,-18.7526362060817,24.8087338248733
9.99320423971449,-20.022831946837,25.7482998268579
10.8983968631787,-20.8822110969409,26.647698509054
11.8568875079081,-21.9733329392079,27.5165351001087
12.8695499119572,-22.8722136845668,28.2500252875307
13.7703738451532,-23.6850687335918,28.6307416229074
14.6152785429235,-24.4759784519201,29.2384906353427
15.4278549327119,-25.2440650263243,29.6488958592572
15.9477290745667,-25.6838494534973,29.8645769024633
16.4789618111167,-26.1569907833295,30.1719442190979
16.9507803600263,-26.5836080120839,30.6731625138364
17.0110682857203,-26.850463233362,30.8495494398594
17.273189701782,-27.3315048822451,31.4861141382289
17.3352251035826,-27.8239581030916,32.3357402719939
17.1596037548215,-28.5042633547059,33.5171833953063
17.2644523212466,-29.1169769877724,34.8470709613111
17.2976543672808,-29.8271278891348,35.9804879413996
17.5772505444129,-30.613648541324,37.1287493657583
18.2369227748322,-31.4616161194654,37.8622395531802
19.0809537345494,-32.1208538536107,38.3817951026031
20.2744799156799,-33.0873262175164,38.4272016380155
21.5344101888795,-33.5762681854512,38.5127754932146
22.4273704795942,-34.3399656937154,38.5669140546679
23.4409066216963,-34.9561905796932,38.5878709171657
24.1547506114362,-35.4978013413011,38.82887483589
24.7820945338754,-35.9920101886037,38.9581088212917
25.4068172421539,-36.4124827247624,38.9476303900447
25.9520297875606,-36.9725275641558,39.5440277686257
26.4692827152544,-37.7327138195078,40.4128643596805
26.9743033101981,-38.7000639966427,41.266856506465
27.881243409769,-39.7630958156169,42.442187211549
28.740127916396,-40.7401019382578,43.024613348467
29.9109369081348,-41.7513427767863,43.6218839296534
30.9017558608457,-42.3043651103567,43.9301244488915
31.8882061232885,-43.4209435362322,44.3309244441616
32.788156318431,-43.9915221343604,44.5265218274744
33.4286063116738,-44.6033579542,44.8967597316014
34.0070209031146,-45.0255861168143,45.0015440440902
34.271763533337,-45.3951454857552,45.3019257398919
34.6037839936803,-45.6637563334903,45.4337793331079
34.6955264893018,-46.2887593517471,46.0974133122036
34.9541529531489,-46.7943797710118,47.0448381376245
34.9934711655574,-47.3948040188889,47.6779100255781
35.5072291410374,-48.226093145699,48.769413280671
36.0218608545706,-49.0301700624464,49.8085243795194
36.6789118708298,-49.6981859288708,50.4974812341334
37.6216752305959,-50.569854464165,51.0004459340807
38.625600254109,-51.1974909221053,51.1392851481278
39.5272979253587,-51.9234424615702,51.4938054053819
40.5399603294081,-52.7345418841396,51.7522733761889
41.2450669386126,-53.2612298208737,51.8972250084644
41.7570774379851,-53.78703994438,52.0814707579248
42.0218200682066,-54.1855671498411,52.5888014708917
42.1904515125389,-54.6578306664455,53.3633321807056
42.6124669923975,-55.3960715911007,54.2007334780119
43.0965178740566,-56.191370375569,55.1114837940613
43.595422302626,-57.1271192764993,56.3846131908031
44.3066450782044,-57.7960129561507,56.8683674334588
45.0423325192824,-58.7501959348665,57.6123360521315
45.7186057727199,-59.42260086743,58.2602523843543
46.4193436916557,-60.4233079472242,59.0347830941673
47.1777483221263,-60.83675797756,59.3220667509086
47.7395618905502,-61.4424491048039,59.7141347201377
48.2070117491921,-61.969137041538,60.0712745852034
48.7347495335284,-62.6169632037199,60.4808066065143
49.1751135125105,-62.9531656700019,60.64060268306
49.4756794029267,-63.3271141050832,60.8798601965773
49.523734995872,-63.5184773887622,61.1322157491541
49.7552755800589,-64.0995897456255,61.9993059349999
50.0514727802079,-64.7737503046446,62.8305948140787
50.6901752973426,-65.5330587467693,63.8766915337592
51.4066405012427,-66.4565182625088,64.567394793582
52.0933986113232,-67.2017816929879,65.3768536075595
52.7670506505992,-68.0831061737881,66.0762888934214
53.4459451181974,-68.8178358455316,66.5862392142017
54.1964861061851,-69.5323758130335,67.0988091427935
54.7941229348044,-70.2486714069919,67.6192378948217
55.4022446200656,-70.796426861195,67.9196195906225
55.8085328149609,-71.1133174364627,68.2802522661059
56.1501643938932,-71.6294716144612,68.5553110863893
56.4419929037745,-72.1640598702465,68.9342810165572
56.7111042242641,-72.6257896281159,69.5647332966992
56.912063976577,-73.1243875415571,70.7007698846
57.0474933748756,-74.0443358043858,71.5076090907633
57.4057259768251,-74.6754835152383,72.5685502547149
58.047049708121,-75.4523482219211,73.4382600483723
58.711964366862,-76.3222611307588,74.1970731113124
59.6538539885755,-77.2000743586486,74.8921423841557
60.6717588209453,-77.9585049875445,75.2824639481769
61.1898854866922,-78.7037684180236,75.5610155788772
61.9535325454835,-79.2910254674812,75.7976534845811
62.6228158944928,-79.9160284857385,76.3626155694174
63.1164778947414,-80.3084109986053,76.5835358282484
63.3541346453035,-80.5471761965919,77.0454600058029
63.6608167020936,-81.076497573009,77.166835167769
63.925559332316,-81.4890697901169,77.8156247025972
63.9404128792262,-81.9481661083028,78.4914835181498
64.2409787696429,-82.6899182858697,79.5244821987699
64.6612467733935,-83.4193810782458,80.5094547361659
65.173257272766,-84.2006348510672,81.1704691074492
65.9002073333086,-84.9415092154059,81.9781815162178
66.4960966858202,-85.7324189337351,82.8295540551908
67.2789659817886,-86.3758560297783,83.1508926134902
67.8381583360529,-87.1413091644968,83.6398860717718
68.7678156250158,-87.78474626054,84.0625161321432
69.3305029314934,-88.2262863141686,84.3061396586809
69.9587205919856,-88.8275883752731,84.5951697206283
70.4244229745209,-89.3770994559318,84.8379200445606
70.7887717428457,-89.7914272994958,85.2867461830556
70.9748779482493,-90.3646393373078,85.8464690522678
71.2369993643106,-91.1186809000651,86.9519435490256
71.6563936300076,-91.7357835992711,88.1010781759869
72.1622879630049,-92.7672141420412,89.0188141128692
72.6804146287527,-93.5089663196072,90.1801735762865
73.4169758078842,-94.389412987181,90.8804820647556
74.3352745021507,-95.2549368298801,91.5065683318762
75.0893104423531,-95.8702839026309,91.9772245354725
75.9184878551591,-96.6576823680475,92.4042206088634
76.6751450095221,-97.1887593709212,92.6714206057131
77.2273474593571,-97.8453636653826,92.9953787718232
77.7341155304089,-98.2201899136912,93.2162990306542
77.9385702349355,-98.7047428154856,93.3996715775093
78.3859241183472,-98.8539710642272,93.559467654055
78.5685353715353,-99.1076590870871,93.7865003311144
78.7030910317803,-99.6246910783143,94.4579931336466
78.9189043310039,-100.504259932659,95.6438022699804
79.1521923912983,-101.023047550342,96.6217891865435
79.6921625083837,-101.97635271583,97.5831852536294
80.0530163244944,-102.645246395482,98.4537682498903
81.0097594931171,-103.287805678297,99.1339930784643
81.6161337022713,-104.311335902016,99.9155094091111
82.5641394903591,-105.32082111409,100.748544693399
83.2657511473485,-105.954602264625,101.017491095453
83.9594991618574,-106.60593967972,101.372011352707
84.4933531125675,-107.006222511637,101.669773440697
84.9214847588005,-107.336280285324,101.78416298183
85.2727274563226,-107.604891133058,102.028659710972
85.6318337963262,-108.187759116377,102.39278519687
85.9018188548685,-108.502894065189,103.070390417632
86.3849959984741,-109.281514398326,103.923509361812
86.7781781225658,-110.071546303428,104.671843993504
87.5488150857855,-111.023973655687,105.566003460076
88.1665478896357,-111.779770844901,106.282902798021
89.0298010865299,-112.608426532028,106.980591678676
89.7078218160736,-113.57665452239,107.662562912458
90.4522466376875,-114.243792575586,108.271185127498
91.1739542699083,-114.745023928711,108.84837204879
91.6553839374074,-115.562268043876,109.171457012298
91.9978892543936,-116.081055661559,109.56177857632
92.4303895908938,-116.430425326259,110.063870073662
92.6558140087072,-116.681479909436,110.315352423635
93.0192890389781,-117.140576227621,110.760685751713
93.3146125010735,-117.705010133154,111.355336725088
93.5120773011727,-118.322112832361,112.073109265637
93.9297240907626,-119.052453437965,113.049349776992
94.5326033477031,-119.958356689147,113.878892250862
95.2211089338907,-120.614960983608,114.504978517984
95.9541751608076,-121.478729199852,115.214019032492
96.688115125778,-122.226626070013,115.730954974104
97.2665297172189,-122.634809220982,116.161443857913
97.8362069281261,-123.092149912712,116.507232089126
98.2529799796621,-123.781233296605,116.811979797948
98.7475157179638,-124.115680136431,117.246834694777
99.2743797642465,-124.665191217091,117.438939267673
99.8807539734007,-125.042650905083,117.672957565565
100.26345124085,-125.588650732831,118.005647757717
100.69070914903,-126.1416730664,118.59156670505
101.143305460761,-126.941360917008,119.542484340888
101.692886696436,-127.627810861217,120.294311782996
102.386634710944,-128.60393917063,121.461783664643
103.21319090959,-129.34042446883,121.99269084792
103.881600520545,-130.316552778243,122.738405871799
104.719515313887,-131.007391788592,123.284157499345
105.516364418712,-131.746510526475,123.703294749302
106.074683034922,-132.310944432008,124.213245070081
106.895123067194,-133.003539068813,124.585229379417
106.963274635369,-133.52057106004,124.913553558548
107.439461874546,-133.804104732648,125.523048976192
107.747891407445,-134.290413260899,125.884554854279
107.832643998638,-134.860114045799,126.406730011516
3171.92977039929,-135.418403258736,127.258975753092
108.079911867789,-136.029361265348,128.161867245705
108.595417319375,-136.595550797337,129.140727364872
108.951028707164,-137.519010313076,130.162374411639
109.654387840262,-138.442469828817,131.035577015713
110.489681419443,-139.386119048797,131.799629294279
111.140616269327,-140.149816557062,132.244962622356
111.891157257315,-140.753752057849,132.722604446784
112.622476008126,-141.313796897243,133.017746926962
113.254188620832,-142.037992810252,133.501501169619
113.964537658358,-142.474265984513,133.846416198228
114.149770125708,-142.968474831815,133.918018811763
114.708962479971,-143.385436115062,134.321438414844
114.910795970338,-143.797130518943,134.823529912187
115.473483276815,-144.383509755173,135.266243632454
115.991609942563,-145.11648380046,136.00933904852
116.878454066902,-145.930216662714,136.647650152098
117.813353784187,-146.70532574294,137.269370406199
118.487879561516,-147.569971772411,138.018578240496
119.381713590285,-148.399505272767,138.557344247209
120.348067877496,-149.19655968369,138.957271039875
121.027836083148,-149.850530538469,139.180810906519
121.580038532983,-150.467633237674,139.564146849706
122.213498621797,-150.904784225163,139.928272335605
122.633766625548,-151.423571842846,140.223414815783
123.087236675334,-151.785230892737,140.498473636066
123.715454335826,3107.92766677389,141.380408266182
123.912045397872,-152.821928314875,141.829234404675
124.04485358201,-153.440786640537,142.458813482212
125.062758414379,-154.768918054333,144.032324574754
125.60884469784,-155.661654107097,144.857501035603
126.402198850451,-156.557023599544,145.729830437074
126.709754645296,-157.110045933115,146.159446118279
128.002886964531,-158.327572880198,147.246583360353
128.521013630278,-158.873572707945,147.718985969155
129.193791931501,-159.873401974511,148.679508833638
130.085004746109,-160.898687824686,149.606849999164
130.823313401346,-161.54563617364,150.102829078279
131.606182697316,-162.579700156094,151.073830374008
132.729809834163,-163.5839184888,151.98283428485
133.723250001035,-164.64870593423,152.833333621218
134.589998150143,-165.790740943713,153.855853870589
134.927261038808,-166.265637900003,154.15623556639
135.114240982265,-166.547415946156,154.466222490836
135.717120239205,-166.960865976491,155.136842090766
136.331358090842,-167.757042574186,155.850248618294
137.167525408076,-168.757749653981,156.718212006744
137.942531061563,-169.407331442619,157.433364939482
138.653753837142,-170.494942031974,158.486447279995
140.053482198908,-171.909099142104,159.566598901234
140.551512889424,-172.650851319671,159.942076020987
141.749407760823,-173.57869990155,160.703508691739
142.596059934699,-174.420522787096,161.350551821359
143.067004745556,-174.798860288317,161.546149204671
143.553676841375,-175.309747586948,161.788026325999
143.749394165367,-175.681062582345,162.197558347309
143.874338707024,-176.034821313185,162.805307359746
144.568086721531,-176.777451303979,163.882839373174
144.889622325233,-177.744801481113,164.94727334754
145.45230963171,-178.793788288442,166.009087714095
147.0678512927,-180.523080347384,167.799153052447
147.84373068424,-181.520276174266,168.546614481534
148.701741452813,-182.478848219121,169.532460221534
149.054731626442,-182.822951004454,169.88523407358
149.555383531119,-183.531346279361,170.62221707142
150.046424317206,-184.277487523067,171.386269349983
150.553192388257,-184.855966440246,171.813265423377
151.177915096536,-185.671454928955,172.693453648283
151.688178119801,-186.507133121907,173.531728148194
152.426486775039,-187.280486575678,174.436366046015
153.195376262152,-188.347029647563,175.375932047999
153.99047789087,-189.326669209888,176.364397395811
154.639665264648,-190.156202710243,5082.60603884264
155.441756797794,-190.924289284647,177.986807834181
156.015802698968,-191.613372668539,178.678384296608
156.635282978926,-192.327912636043,179.208418277281
157.169136929637,-192.988028183415,179.831884936591
157.719591903364,-193.813172617631,180.450112380274
158.50158746128,-194.821780016476,181.503194720788
159.298436566105,-195.735583586709,182.515236538909
160.000921961149,-196.708200643211,183.357003849237
160.646614382712,-197.561435100719,184.285218217369
161.584135314157,-198.417302997912,184.825730629291
162.554858291636,-199.15817736225,185.602007744313
163.091333456508,-199.788447259875,186.050833882807
163.508980246098,-200.445051554336,186.698750215029
164.197485832285,-201.206115622917,187.179884849875
164.844925729956,-202.075150718527,188.057453466969
165.47838581877,-202.946819253821,189.063382866863
166.630846311384,-203.884323781207,190.045735796446
167.513321745457,-204.923654643028,190.84820898959
168.636075144251,-206.065689652513,191.887320088437
169.111388645375,-206.893467526413,192.31606256704
169.944934748449,-207.4061104515,192.821646874798
170.438596748697,-208.146984815839,193.163942295596
170.982061817997,-208.746531250487,193.788282157508
171.459996533281,-209.145058455949,194.224010256941
171.922203963602,-209.685791404329,194.740946198554
172.706820735678,-210.618906865575,195.686624618766
173.605897192767,-211.655604287713,196.561573628048
174.081210693891,-212.371899881671,197.151858588402
174.744377876525,-213.014459164487,197.838195835205
175.309686397163,-213.695642229328,198.547236349714
176.51194995883,-214.84294411818,199.432663790245
177.17162218925,-215.643509782016,200.240376199013
177.881971226776,-216.56872492421,201.010540895806
179.487028031122,-218.251492882075,202.734242836249
179.844386895018,-218.666698538867,203.10535394298
180.063695146457,-219.21006492693,203.465986618463
180.490079316583,-219.644582474736,204.049285957984
181.303529444425,-220.446025951799,204.748721243848
181.888933940294,-221.316816673866,205.669949991146
182.642969880496,-221.973420968327,206.408679394193
183.29128351622,-222.777497885073,207.188449319632
184.055804313065,-223.758893073854,208.057285910685
184.598395644311,-224.376873586289,208.589939499171
185.092931382613,-224.796468309219,209.022174788188
185.666103545733,-225.606689918561,209.685808767284
186.083750335324,-226.155323185992,210.125029677133
186.542462813431,-226.603885745444,210.739764310402
186.895452987059,-226.976956367297,211.170253194211
187.109518810176,-227.474676467511,211.499450575946
187.408337224485,-227.691496334799,211.997176060268
187.591822215727,-228.050521945006,212.575236184165
187.664342474172,-228.487672932495,213.381202187727
188.055777122156,-229.740312408693,214.959079293288
188.410514771891,-230.290701302579,215.699555101543
188.787095872966,-230.970128740966,216.563152476972
189.596177310541,-232.108652497539,217.843267494545
189.881015915994,-232.749456153898,218.396004742925
190.416617342812,-233.308623180064,219.215068785546
190.978430911236,-233.97576123326,219.710174662056
191.341905941507,-234.275973357198,220.200914525546
191.659946592995,-234.700834959497,220.5554347828
192.102931786138,-235.145008452809,220.704752428097
192.517083623514,-235.730509875811,221.202477912419
193.147922498167,-236.255442186089,221.876590322764
193.871377606496,-236.926091492197,222.439806002392
194.642888307768,-237.820583171416,223.317374619487
195.559439525928,-238.769499270764,224.023795526183
196.302116871434,-239.587621199157,224.938038652648
197.724562422592,-240.889418216118,225.845296158282
198.798386490388,-241.991073817119,226.46439680457
199.622321474873,-242.677523761329,226.928940589938
200.001523790108,-243.092729418121,227.325374572189
200.619256593958,-243.567626374409,227.520098752896
201.396883461606,-244.246175999567,228.045766720549
201.804045394555,-244.649092271168,228.175000705951
201.882681819373,-244.854500566494,228.776637300159
202.261010396554,-245.395233514875,229.369541868325
202.532742931204,-245.694567825585,229.958953626076
202.709238018018,-246.431053123784,230.661881722356
203.339203154618,-247.030599558433,231.416328772275
204.180612900174,-248.036573517594,232.520056863826
204.840285130594,-248.848550753392,233.224731365313
205.262300610453,-249.437563429306,233.658713059539
205.840715201893,-249.932650089836,234.310122202178
206.443594458834,-250.376823583148,234.596532656315
206.736296706768,-251.013238173367,235.200788858333
207.343544653977,-251.484623876745,235.626911729121
207.695661089552,-251.913874545182,235.920307804091
207.88788346133,-252.192141338423,236.300150936864
208.342227249169,-252.81275529054,236.712302565987
208.63143454489,-253.055909554666,237.327037199254
208.913651936182,-253.75289325761,238.046556145011
209.527016049765,-254.819436329496,239.218394039679
210.094945784564,-255.496230328199,240.002529978137
211.045572786811,-256.492548341855,240.887957418669
211.859896652707,-257.294869632145,241.794341721698
212.781690299188,-258.239396665354,242.678895959625
214.347428891127,-259.823849541694,243.877803135018
215.076126427776,-260.733264045788,244.675910315143
215.66502587586,-261.338077359804,245.428610959855
215.921031125546,-261.795418051535,246.026754743646
216.474107313434,-262.59159464923,246.92353381803
216.952915766773,-263.058591286467,247.460553419536
217.279693798795,-263.673060545989,247.961771714274
218.101007569119,-264.772082707307,249.058514184992
218.675053470293,-265.547191787534,249.738739013565
219.332978224606,-265.958008378186,250.357839659854
219.849357414246,-266.51366415144,250.861677562405
220.260014299408,-267.043863341086,251.153327232165
221.280540345939,-268.066515751577,252.190691925805
221.696439659423,-268.499277672927,252.711120677835
222.132434948137,-269.1216472515,253.275209560066
222.717839444007,-269.708904300959,253.979884061554
223.40285007798,-270.433100213967,254.690670981271
224.3220225103,-271.611125565795,255.552521951491
224.899563363688,-272.256318288293,256.198691878506
225.856306532311,-272.840941898068,256.77151278678
226.349968532559,-273.530025281962,257.243915395583
227.08652971169,-274.265632766933,257.781808199694
227.670186731453,-274.751063481956,258.146806888196
228.114045662649,-275.125889730264,258.659376816788
228.614697567325,-275.852719082956,258.971110146442
229.083894902075,-276.149419953984,259.295941515158
229.629107447482,-276.618172217676,259.513368963572
229.902587458238,-276.764767026734,259.593703603147
230.061607783982,-277.059712271305,260.143821243714
230.410229267344,-277.683837476335,260.646785943661
230.840108389684,-278.314107373959,261.477201620135
231.092618687156,-278.948766337724,262.298885270568
231.778503059182,-279.531634321042,263.056825130905
232.544771332134,-280.399791603424,263.630519241782
233.301428486496,-281.076585602127,264.227789822969
234.087792734679,-281.66208702513,264.571831648975
234.559611283589,-282.240565942309,265.204030334324
235.264717892793,-282.706684766318,265.438921834821
235.873713316108,-283.255318033749,265.800427712907
236.46960266862,-283.713536538708,266.156694375369
236.969380835243,-284.234957596075,266.189876074323
237.42809331335,-284.500935004125,266.408176725342
237.785452177246,-284.678253276158,266.525185874289
237.978548287078,-284.996899477883,266.678869532606
238.266008106691,-285.509542402969,267.214142728903
238.46085169263,-285.948449016914,267.972955791844
238.930922765433,-286.486548525611,268.714304802703
239.16508456378,-286.98602425228,269.453034205749
239.947080121695,-287.935818164856,270.352432887946
240.797227247786,-288.494985191022,270.869368829558
241.330207460444,-289.204258279156,271.598493003959
242.226662703373,-289.952155149319,271.911099536219
242.871481386882,-290.773788330623,272.420176654394
243.534648569517,-291.132813940829,272.743261617901
244.314896651325,-291.729726935795,273.09865507776
245.152811444666,-292.050128763974,273.157159652232
245.428912669584,-292.453922848803,273.147554423587
245.984610071634,-292.911263540534,273.791977945394
246.487883190471,-293.512565601638,274.485300813029
246.988535095147,-294.338587849082,275.22664982389
247.432394026344,-294.908288633982,275.757557007165
248.01692478416,-295.427954064894,276.461358306049
248.94832954923,-296.350535767405,277.060375292444
250.477371142918,-297.788393834688,277.977238026723
250.993750332559,-297.981512744824,278.278492925127
251.448094120398,-298.73555430758,278.51251122302
251.874478290524,-299.018210166961,279.08271252348
252.275524057098,-299.576499379899,279.824061534338
252.70627691749,-300.409544133166,280.685039301956
253.660398871953,-301.071415306995,281.40805105813
254.368126695317,-302.022087032799,282.30832294293
255.299531460388,-302.733993560618,282.822639276731
255.923380430613,-303.514369520211,283.442613125622
257.076714661281,-304.610758241846,284.342011807819
258.212574130878,-305.66940099468,284.953253630671
259.139610205681,-306.309326837812,285.302534672301
259.539782234201,-306.923796097334,285.714686301424
260.001115926468,-307.143249404307,285.791528130582
260.33750507708,-307.3916705478,286.070952963886
260.554192114357,-307.791953379717,286.364349038855
260.701853845404,-308.03598545707,287.05330589347
261.022515711052,-308.842695813501,287.975407843373
261.41482409709,-309.618682706955,289.095726784399
261.884895169893,-310.327077981862,289.856286252548
262.48952190294,-311.27599408121,290.738220882664
263.244431581196,-311.897485846556,291.234199961777
263.958275570936,-312.401350639364,291.61404309455
264.442326452595,-312.946472653884,292.040165965337
265.013751139607,-313.544263462077,292.461922823106
265.587797040781,-313.91294501779,292.822555498588
266.048256994995,-314.487912682058,293.243439153752
266.480757331496,-314.644163436623,293.361321505303
266.85995964673,-315.097115062213,293.431177713628
267.11683863447,-315.345536205705,293.75076986672
267.349252956711,-315.52285447774,293.865159407853
267.476818712527,-315.902947605416,294.525300576532
267.756414889659,-316.521805931078,295.226482267604
267.985334259685,-317.14505332288,296.025462650332
268.555011470592,-317.881538621079,296.875961986701
269.223421081546,-318.425782822371,297.582382893397
269.760769984472,-319.163145933798,298.221567199579
270.130361181118,-319.853107130918,298.793514905248
271.31427624366,-320.546579580951,299.231862612493
271.785221054516,-321.235662964844,299.62131097391
272.596923706251,-321.52885258296,299.847470448366
272.968262379004,-322.068707718112,300.068390707196
273.853359027238,-322.496202760094,300.339956717064
274.160041084029,-322.874540261315,300.749488738374
274.3505159797,-323.366115668933,300.804500502431
274.754182960434,-323.640871209262,301.156401151874
275.179693392507,-324.089433768714,301.703899184627
275.655880631683,-324.861909409256,302.521216822041
275.99838594867,-325.493934933337,303.270424656336
276.641457156073,-326.248854309322,304.048448176567
277.158710083766,-326.812410401626,304.502513530685
277.99225618684,-327.600686680272,305.198456006133
278.782115387237,-328.202866554604,305.750320051907
279.42518659464,-328.871760234256,306.055067760729
280.179222534843,-329.537142660996,306.515245533077
280.928889784777,-329.989216473359,306.763235072634
281.268773887602,-330.440412472494,307.10116448041
281.729233841816,-330.714290199596,307.260960556956
282.350461597881,-331.046103599738,307.25746774654
282.696461867082,-331.25765658766,307.440840293395
283.017997470783,-331.555235271914,307.757812838674
283.376230072733,-332.189894235678,308.57338407088
283.99571035269,-333.130032202748,309.397687329126
284.665867439754,-333.820871213097,310.339872938922
285.195352700197,-334.542433686422,310.764249404501
285.699499557087,-335.038398160181,311.377237632562
286.400237476023,-335.701147147236,311.945692527814
287.164758272868,-336.478011853918,312.513274220462
287.719581936863,-336.83089277153,312.749912126166
288.07694080076,-337.223275284397,313.1000663704
288.519925993904,-337.542799299349,313.296536956317
288.869421215318,-337.928159306392,313.669394468257
289.231148769482,-338.513660729394,314.036139561968
289.848007835279,-339.10618465822,314.781854585847
290.338174883313,-339.997165084527,315.422785297237
291.121044179282,-340.428171379421,316.036646727902
291.673246629116,-341.23137048294,316.771883320533
292.429903783479,-342.153952185452,317.293185275165
293.335970144997,-342.700829826427,317.974283306344
293.965935281597,-343.4899839183,318.34452121047
294.442122520774,-343.994726524337,318.878048001558
295.144607915818,-344.591639519301,319.337352571302
295.716032602831,-345.051613650715,319.762602239486
296.235033006632,-345.558989696436,320.07171596133
296.577538323617,-345.99350724424,320.518795694614
296.975089137977,-346.548285204266,320.601749942002
297.085180132723,-346.866931405992,321.233948627352
297.339437906302,-347.211034191324,321.620777380956
297.663594724163,-347.67013050951,322.278298941825
297.790286741927,-348.314445418781,322.955030959982
298.140655701395,-348.904335907922,323.781080623437
298.566166133467,-349.419612272693,324.389702838475
299.262535362136,-350.117473788866,325.172965574331
299.923081330609,-350.707364278007,325.632270144074
300.320632144969,-351.275309436452,326.199851836722
301.154178248043,-352.057441022502,326.729012614791
301.905592974084,-352.671910282024,326.938581239769
302.537305586791,-353.21439885686,327.269525026714
303.120962606554,-353.847302194168,327.675564237607
303.630351891765,-354.108890536079,327.968087109972
304.02178653975,-354.517951500276,328.111292337041
304.252453385884,-354.604855009837,328.131375996934
304.704175959561,-354.779539842187,328.319987759414
304.878923570269,-355.336951241897,328.684113245313
305.169004604043,-355.85134979344,329.329409969724
305.743050505217,-356.274455769283,330.043689699856
306.296126693106,-357.032886398179,330.516965511264
306.869298856225,-357.654378163525,331.132573347138
307.660031794676,-358.224956761654,331.607595563754
308.400961664076,-358.900872947128,332.066026930894
309.107815749386,-359.5074418876,332.466826926163
309.668755579757,-360.046419209524,332.795151105295
310.512786539473,-360.66791097487,333.051872670892
310.943539399867,-361.12086260046,333.330424301593
311.409241782402,-361.55362452181,333.600243906251
311.797181478172,-361.962685486006,333.772264819253
312.165025198711,-362.181260979752,333.834262204143
312.555586108641,-362.503418434387,334.184416448376
312.788874168936,-362.877366869468,334.637608599891
313.296515978041,-363.455845786646,335.392055649812
313.838233571234,-364.175652633517,336.087998125259
314.2375318617,-364.873514149688,336.693127529883
314.87011821246,-365.666179494472,337.361127521999
315.576098559718,-366.393886660393,338.026507906303
316.321397119385,-367.116326946946,338.560034697393
317.07630679764,-367.687783358301,339.091815083274
317.747337622756,-368.342632026307,339.376479132202
318.314393619502,-368.94481190064,339.895161479023
318.841257665784,-369.388985393953,340.239203305027
319.229197361554,-369.721676607321,340.41559023105
319.506172324526,-370.082457843984,340.785828135177
320.087208130128,-370.385303407606,340.818136631528
320.200794077087,-370.858444737439,341.125503948163
320.309137595726,-370.934814488265,341.358649043451
320.463789231202,-371.396544246135,342.078167989208
320.813284452616,-371.749425163747,342.625666021963
321.040456346536,-372.294547178266,343.404562744798
321.464219302501,-372.933595208169,344.313566655637
321.978851016034,-373.634967977253,344.966722203485
322.696189957987,-374.47240179666,345.481911739889
323.112963009525,-374.949054379404,346.113237222636
323.95437275508,-375.709240634757,346.438941793955
324.648120769589,-376.221883559844,346.926188847028
325.049166536162,-376.767005574362,347.423041128747
325.7254397896,-377.211179067675,347.534811062068
326.095904724299,-377.517535884209,347.79677184329
326.54587982187,-377.924841221949,347.913780992236
326.924208399052,-378.125860451137,348.02817053337
327.250112693021,-378.580567703183,348.041268572431
327.613587723292,-378.628847430716,348.275286870323
327.747269645483,-378.978217095417,348.297116935425
327.854739426068,-379.015085250988,348.783490785894
328.072300201399,-379.301252363281,348.976468561395
328.163168958967,-379.54704006709,349.190403199393
328.202487171376,-379.514560977657,349.024494704619
328.496063157364,-379.335487079168,349.082126076487
328.522275298969,-379.503149405694,348.979088169207
328.575573320235,-379.612876059181,348.828024118703
328.932058446079,-379.47593719563,348.632426735389
328.946038254936,-379.526850362849,348.628060722369
328.970502920435,-379.422390588729,348.42460451562
329.126028293964,-379.490860020504,348.266554844283
329.237866764816,-379.400445258033,348.117237198986
329.318250665741,-379.484715327908,347.908541776613
329.397760828614,-379.453991864933,348.000228050039
329.454553802094,-379.512805351202,347.884092103698
329.478144729539,-379.422390588729,347.8203483136
329.489503324235,-379.553184759684,347.639595374558
329.577750867642,-379.328464573344,347.559260734983
329.566392272946,-379.213471040492,347.556641127169
329.51047303752,-379.231905118277,347.572358774043
329.30514459494,-379.138856916121,347.932991449526
329.235245550656,-379.144123795488,348.264808439074
329.007199918683,-379.317053001383,348.427224123431
328.981861515131,-379.382888993474,348.584400592165
328.68042188666,-379.418879335818,348.823658105681
328.687411791089,-379.494371273416,349.13626463794
328.582563224664,-379.591808541712,349.266371825947
328.395583281207,-379.603220113675,349.539684241022
328.448881302473,-379.442580292971,349.727422800898
328.192876052787,-379.627798884055,349.931752210251
328.088027486363,-379.636577016333,350.072337829509
328.144820459842,-379.695390502603,350.186727370642
327.878330353514,-379.805117156089,350.40502802166
327.852991949961,-379.835840619065,350.517671157586
327.769113096821,-379.970146042931,350.890528669525
327.633683698523,-379.94995633869,350.949033243998
327.593491748061,-379.945567272551,350.996186184618
327.565532130347,-379.797216837038,350.85298095755
327.625820056042,-379.90869911698,350.790110370057
327.527961394045,-379.765615560835,350.825911676823
327.5043704666,-379.880609093688,350.853854160154
327.545436155116,-379.544406627405,350.719380959126
327.510486632975,-379.726113965578,350.673974423716
327.568153344508,-379.539139748039,350.633807103928
327.621451365774,-379.508416285063,350.662622789861
327.567279606454,-379.395178378664,350.526403183626
327.506991680761,-379.387278059614,350.502826713316
327.598734176382,-379.39693400512,350.487109066443
327.557668487866,-379.439946853287,350.351762662811
327.410006756818,-379.333731452713,350.275794036257
327.299042024018,-379.303885802964,350.393676387807
327.399521900175,-379.14324598226,350.36660710708
327.327001641732,-379.272284526759,350.324693382086
327.431850208156,-379.264384207709,350.213796651367
327.310400618715,-379.161680060046,350.137828024814
327.494759348011,-379.217860106631,350.247851552927
327.449324969227,-379.367088355372,350.406774426868
327.562037178133,-379.250339196062,350.542994033104
327.541067464848,-379.39693400512,350.661749587258
327.514855323243,-379.461892183984,350.745577037248
327.49213813385,-379.428535281324,350.807574422139
327.728047408305,-379.531239428987,350.877430630464
327.631062484363,-379.531239428987,350.956018864831
327.649410983487,-379.668178292538,350.930695989313
327.721057503877,-379.697146129059,351.284343043963
327.680865553414,-379.686612370324,351.359438467912
327.797946452589,-379.705924261337,351.259893371049
327.539319988741,-379.639210456018,351.496531276753
327.614461461345,-380.021937023378,351.377775722598
327.574269510883,-379.698023942286,351.352452847081
327.636304912683,-379.786683078303,351.270371802299
327.726299932199,-379.913965996347,351.260766573653
327.816294951712,-379.590930728484,351.246795331987
327.659022102076,-379.696268315831,351.153362653352
327.915027351762,-379.55932945228,351.195276378347
327.756007026019,-379.5882972888,351.127166575229
327.923764732297,-379.586541662345,350.935062002333
327.729794884412,-379.626921070827,350.961258080455
327.8503707358,-379.568107584559,350.892275074733
327.756007026019,-379.408345577084,350.907992721607
327.642421079059,-379.464525623668,350.880050238276
327.723678718037,-379.390789312526,350.817179650783
327.688729195896,-379.52597254962,350.801462003909
327.713193861395,-379.389033686069,350.806701219533
327.684360505629,-379.534750681899,350.862586186195
327.6773706012,-379.361821476005,350.797095990889
327.580385677257,-379.304763616192,350.734225403396
327.827653546408,-379.475059382402,350.731605795583
327.656400887915,-379.395178378664,350.747323442457
327.598734176382,-379.394300565437,350.783124749225
327.479905801101,-379.464525623668,350.976102524724
327.472915896672,-379.416245896135,351.142884222101
327.527087655992,-379.409223390311,351.11668814398
327.361951163873,-379.487348767592,351.363804480934
327.330496593946,-379.319686441066,351.431914284051
327.275451096573,-379.631310136967,351.315778337709
327.345350140856,-379.478570635314,351.548050230394
327.19331971954,-379.461892183984,351.741028005894
327.07449134426,-379.51368316443,351.83446068453
327.160117673506,-379.431168721008,351.993383558471
327.004592299977,-379.579519156521,351.967187480349
327.069248915939,-379.411856829995,351.876374409525
326.968769039782,-379.548795693545,351.929639768373
326.978380158371,-379.474181569175,351.885106435565
327.070122653992,-379.478570635314,351.851051534006
326.913723542409,-379.482081888226,351.785561338701
326.999349871655,-379.430290907781,351.85803715484
326.821107308735,-379.515438790885,351.818743037657
327.090218629223,-379.350409904041,351.803025390783
326.896248781339,-379.382011180246,351.649341732465
326.856930568929,-379.398689631576,351.864149573068
326.825475999002,-379.31793081461,351.695621470481
326.883142710536,-379.298618923597,351.616160033511
326.808874975985,-379.297741110369,351.634497288196
326.90411242382,-379.212593227263,351.589090752785
326.919839708784,-379.312663935243,351.55590905383
326.962652873407,-379.303007989735,351.509629315814
327.018572108833,-379.304763616192,351.572499903308
326.969642777835,-379.245072316695,351.467715590818
327.082354986742,-379.339876145308,351.392620166867
326.900617471606,-379.245072316695,351.4851796429
327.033425655744,-379.309152682331,351.475574414256
327.0474054646,-379.295985483914,351.451124741342
326.98799127696,-379.256483888658,351.377775722598
327.188951029274,-379.243316690239,351.505263302794
327.120799461098,-379.280184845811,351.300933893441
327.166233839881,-379.281062659039,351.534952191332
327.11643077083,-379.220493546315,351.484306440296
327.015950894673,-379.36357710246,351.578612321537
327.098082271706,-379.324953320433,351.631877680385
327.051774154868,-379.403956510944,351.56464107987
327.041289298225,-379.467159063352,351.863276370464
327.113809556669,-379.346020837903,351.940991402226
327.050900416814,-379.371477421511,352.096421465752
326.947799326497,-379.402200884487,351.973299898576
326.925955875158,-379.482959701454,352.105153491793
326.843824498126,-379.299496736824,352.0213260418
326.988865015014,-379.39254493898,352.024818852218
326.921587184891,-379.49261564696,352.12174434127
326.967895301729,-379.310030495559,351.988144342846
326.799263857396,-379.356554596637,352.113885517833
326.940809422068,-379.32231988075,351.797786175158
326.922460922945,-379.349532090814,351.837080292341
326.930324565426,-379.329342386573,351.950596630871
326.959157921193,-379.32670894689,352.113012315229
326.939061945962,-379.197670402389,352.023945649615
326.808874975985,-379.291596417774,351.888599245983
326.837708331751,-379.315297374926,351.903443690252
326.825475999002,-379.260872954797,351.968060682953
326.840329545912,-379.140612542576,351.859783560048
326.759945644987,-379.09321062827,351.727056764228
326.613157651993,-378.994895546748,351.680777026213
326.76081938304,-379.071265297573,351.823109050677
326.978380158371,-379.076532176941,351.725310359021
326.828097213162,-379.075654363713,351.720071143395
326.754703216666,-379.065120604978,351.729676372041
326.711016313989,-378.978217095417,351.78730774391
326.69878398124,-379.108133453145,351.868515586089
326.777420406058,-379.03088588909,351.8065182012
326.655097078562,-378.925548301744,351.932259376185
326.620147556421,-378.983483974784,352.061493361589
326.533647489121,-379.104622200233,351.947977023059
326.742470883916,-378.993139920291,352.072844995442
326.496076752819,-379.033519328775,352.068478982421
326.580829344012,-379.069509671118,352.097294668356
326.726743598952,-379.055464659472,352.299877672501
326.3554049262,-379.080043429852,352.387197932908
326.273273549167,-379.030008075862,352.556599238098
326.283758405809,-379.09321062827,352.533895970392
326.342298855396,-379.040541834598,352.466659369879
326.41481911384,-378.98523960124,352.410774403219
326.468990873158,-378.929059554655,352.478011003732
326.338803903182,-378.961538644087,352.4710253829
326.448894897928,-378.743840963571,352.256217542296
326.393849400555,-378.850934177373,352.358382246975
326.32831904654,-378.907992037186,352.317341724583
326.404334257197,-379.013329624533,352.363621462599
326.270652335006,-378.879024200665,352.319961332394
326.426177708536,-378.741207523886,352.350523423537
326.475107039534,-378.88516889326,352.259710352713
326.281137191648,-378.971194589593,352.354016233954
326.348415021771,-378.729795951924,352.279794012608
326.261041216417,-379.00191805257,352.236133882403
326.416566589947,-378.871123881614,352.326946953227
326.386859496126,-378.933448620794,352.375846299055
326.233955336758,-378.933448620794,352.151433229808
326.411324161625,-378.63586993654,352.101660681376
326.413945375786,-378.756130348761,352.057127348568
326.373753425324,-378.864979189019,352.161038458454
326.378995853645,-378.644648068819,352.123490746478
326.348415021771,-378.603390847108,352.120871138666
326.330940260701,-378.74823002971,351.991637153263
326.455884802357,-378.596368341285,352.186361333972
326.252303835882,-378.642014629135,352.295511659481
326.397344352769,-378.76929754718,352.167150876681
326.319581666004,-378.760519414901,352.043156106904
326.224344218169,-378.66483777306,352.120871138666
326.378995853645,-378.678882784707,352.268442378754
326.338803903182,-378.633236496856,352.185488131367
326.144834055297,-378.739451897431,352.376719501661
326.166677506635,-378.857956683196,352.453561330818
326.236576550918,-378.734185018064,352.558345643308
326.096778462353,-378.829866659904,352.4710253829
326.193763386295,-378.800021010155,352.514685513103
326.060081464103,-378.862345749335,352.577556100597
326.190268434081,-378.580567703183,352.600259368302
326.253177573936,-378.675371531795,352.643919498506
326.033869322498,-378.627091804261,352.514685513103
326.007657180892,-378.728918138695,352.444829304777
326.085419867656,-378.774564426546,352.464039762067
326.096778462353,-378.669226839199,352.416013618843
326.06881884464,-378.678882784707,352.528656754768
326.319581666004,-378.745596590026,352.426492050092
326.134349198654,-378.829866659904,352.412520808426
325.966591492375,-378.724529072557,352.481503814149
326.255798788096,-378.655181827553,352.547867212057
326.091536034031,-378.642014629135,352.467532572484
326.134349198654,-378.61919148521,352.448322115194
326.140465365029,-378.531410162421,352.377592704263
326.079303701281,-378.611291166159,352.415140416239
326.204248242937,-378.549844240207,352.336552181872
326.16056134026,-378.613046792615,352.403788782386
326.096778462353,-378.583201142867,352.34703061312
326.048722869408,-378.517365150775,352.472771788107
326.062702678264,-378.586712395779,352.28677963344
326.040859226926,-378.48225262166,352.099914276168
326.057460249943,-378.55686674603,352.322580940207
325.990182419821,-378.585834582551,352.340044992288
325.996298586196,-378.526143283054,352.338298587079
325.971833920697,-378.570033944448,352.409901200614
325.939505612716,-378.614802419071,352.372353488639
325.938631874662,-378.453284785139,352.305116888125
325.881838901183,-378.471718862924,352.444829304777
326.044354179141,-378.584956769322,352.534769172996
325.918535899431,-378.708728434456,352.671861981837
325.881838901183,-378.705217181544,352.781012307346
325.850384331256,-378.672738092111,352.540881591225
325.825045927702,-378.852689803829,352.600259368302
325.876596472861,-378.593734901602,352.602878976115
325.838151998506,-378.587590209006,352.632567864654
325.77000043033,-378.428706014758,352.72163453027
325.813687333006,-378.612168979388,352.60200577351
325.763884263954,-378.539310481472,352.45181492561
325.769126692277,-378.534043602106,352.732986164123
325.795338833882,-378.563889251853,352.582795316221
325.887955067557,-378.580567703183,352.854361326089
325.847763117095,-378.719262193189,352.639553485486
325.742040812616,-378.76490848104,352.625582243821
325.853879283469,-378.651670574642,352.636933877673
325.848636855148,-378.625336177805,352.717268517248
325.827667141863,-378.656059640782,352.47975740894
325.762136787848,-378.642892442364,352.677974400065
325.782232763079,-378.534921415333,352.648285511526
325.894071233932,-378.565644878309,352.654397929756
325.833783308238,-378.700828115404,352.619469825592
325.803202476364,-378.512098271408,352.500714271438
325.760389311741,-378.800898823383,352.521671133934
272.386352835349,-330.989923553153,314.537357856707
192.282921825166,-224.001169524752,203.785578771555
133.393850754852,-152.622664712144,136.044267152683
78.0705046810203,-90.0179031122912,86.5982964943751
37.7605995811086,-44.2829561260201,51.5750132475614
12.0831856637742,-15.6109426634644,30.0130213451557
-1.81099686356492,1.75659205032889,15.1711966837065
-5.72971203367661,9.66920048652582,6.34748436953669
-7.41952142921673,12.2587495087996,3.69294845315017
-8.30811302966367,13.4244854754365,2.78831055532919
-8.58770920679535,13.8730480348886,2.40235500432846
-8.59732032538432,14.2206620731326,2.11769095540058
-8.72575981925365,14.5410639013126,1.98496415958107
-8.63576479973972,14.6148002124551,1.64703475180522
-8.5763506120993,14.8096747490467,1.43659292422217
-8.64624965638268,14.7622728347405,1.3850739705822
-8.49946166338805,14.9000895115191,1.29775371017422
-8.39461309696344,15.001915845954,1.25671318778222
-8.39111814474973,15.2942276508415,1.00610404041436
-8.33432517126994,15.0168386708287,1.13533802581605
-8.36228478898283,15.0633627719067,1.08032626176009
