SG1 [microstrain],SG2 [microstrain],SG3 [microstrain]
0,0,0
0.130361717587675,-0.0582867983321194,0.0765798683778485
0.140846574229272,-0.0749652496620001,0.0844386918142845
0.148710216711606,-0.171524704729563,0.0861850970222804
0.0429879122339116,-0.141679054981523,0.352511891265749
0.105023314034952,-0.103933086182678,0.197081827739567
0.181038524692212,-0.104810899409586,0.0966635282720745
-0.0382697267450567,-0.164502198905666,-0.0622593456710092
0.0499778166613396,-0.0240520824440864,0.156914507953843
0.0735687441074333,-0.117100284600838,0.293134114188433
0.04823034055471,-0.185569716376449,0.134211240246259
0.0761899582676051,-0.0380970940905172,0.209306664197356
0.112013218462835,-0.0977883935870523,0.469521040211475
0.105897052087585,-0.0214186427610912,0.116747188164481
0.0473566025011678,-0.290907303722634,0.418875289174139
0.119003122891172,-0.2944185566339,0.192715814720032
0.0281343653232398,-0.157479693083587,0.205813853781365
0.151331430872233,-0.206637233845413,0.188349801698678
-0.00768889487153501,-0.160113132767037,0.357751106889737
0.0595889352507584,-0.147823747577149,0.265191630857771
0.15832133530057,-0.239994136505175,0.226770716279134
0.112013218462835,-0.0258077089006292,0.340287054807959
0.0552202449830475,-0.143434681437611,0.349892283452391
0.0159020325736492,-0.232971630682187,0.452930190734151
0.0456091263945382,-0.128511856563364,0.43459293604883
0.140846574229272,-0.214537552895763,0.384820387615946
0.04823034055471,-0.35147641644653,0.411889668342155
0.0220181989484445,-0.371666120688587,0.362990322513724
0.163563763621823,-0.0459974131408671,0.441578556880813
0.0316293175378632,-0.163624385678759,0.424987707403488
-0.0286586081570022,-0.184691903148632,0.323696205330634
0.109392004301753,-0.0600424247872979,0.590022999574103
0.0386192219662007,-0.266328533341948,0.472140648023014
0.0884222910171957,-0.129389669791635,0.476506661044368
0.220356737101611,-0.226826938087015,0.524532804268347
0.0858010768570239,-0.271595412708848,0.581290973532305
0.0989071476597019,-0.292662930178722,0.437212543860369
0.178417310532041,-0.228582564542194,0.43459293604883
0.208998142405108,-0.208392860301046,0.509688359998108
0.0997808857132441,-0.242627576188625,0.453803393336784
0.136477883962016,-0.171524704729563,0.435466138652373
-0.00768889487153501,-0.253161334923334,0.383947185011493
0.0237656750559836,-0.281251358215741,0.602247836030983
-0.177194077257809,-0.330408898978476,0.42848051781948
0.202881976030312,-0.245261015872984,0.448564177713706
0.118129384837175,-0.303196688912976,0.586530189156292
0.0263868892170649,-0.326019832838483,0.457296203754595
0.105897052087585,-0.2944185566339,0.38918640063639
-0.0400172028521411,-0.343576097395726,0.418002086570596
0.160942549461197,-0.307585755052969,0.474760255835463
0.0840536007494848,-0.310219194735964,0.512307967810557
0.112886956516377,-0.342698284168364,0.465155027191031
0.0604626733043006,-0.209270673528863,0.515800778226549
0.18016478663867,-0.415556782083058,0.628443914151831
0.131235455640308,-0.376933000055942,0.58303737874121
0.0840536007494848,-0.35147641644653,0.610106659467419
-0.026911132049463,-0.342698284168364,0.610979862070963
0.119003122891172,-0.384833319106747,0.590022999574103
0.124245551212425,-0.378688626511575,0.61621907769586
-0.026911132049463,-0.410289902715704,0.635429534984723
0.093664719337994,-0.447158058286732,0.548109274578565
0.0552202449830475,-0.288273864038729,0.512307967810557
0.112886956516377,-0.48139277417431,0.566446529262976
0.115508170677003,-0.368154867776866,0.518420386039907
0.112013218462835,-0.369032681005137,0.576051757908317
0.101528361820783,-0.398878330753178,0.66162561310739
0.093664719337994,-0.484904027086031,0.556841300618544
-0.044385893119852,-0.405023023348349,0.47999947145945
0.0228919370024414,-0.414678968855242,0.532391627703873
-0.0356485125848849,-0.541084073670845,0.61621907769586
-0.0513757975486442,-0.511238423922805,0.666864828731377
0.186280953013465,-0.396244891069728,0.599628228217625
0.094538457391991,-0.423457101134773,0.593515809989185
-0.136128388741326,-0.376055186828125,0.625824306340292
-0.00419394265736628,-0.436624299552932,0.569939339679877
-0.00594141876490539,-0.494559972592924,0.612726267278958
0.146089002550525,-0.38658894556329,0.742833455286927
-0.0321535603702614,-0.436624299552932,0.614472672486954
0.00454343787805556,-0.541084073670845,0.574305352701231
-0.0120575851392459,-0.503338104871546,0.57692496051277
-0.0688505586190331,-0.445402431831553,0.662498815710933
0.0980334096066144,-0.362887988409966,0.631063521966098
-0.0880727957965064,-0.502460291644184,0.662498815710933
0.00192222371788375,-0.545473139811293,0.811816461008675
-0.105547556867805,-0.458569630249713,0.788239990698457
0.137351622015103,-0.545473139811293,0.687821691229146
0.093664719337994,-0.564785030824623,0.741087050078022
0.0648313635720115,-0.437502112780294,0.722749795392701
0.187154691067008,-0.518260929746248,0.682582475605159
0.057841459143674,-0.580585668926233,0.873813845898439
-0.11341119934923,-0.447158058286732,0.783873977678923
0.141720312283724,-0.452424937654996,0.798718421947342
0.0438616502874538,-0.524405622341419,0.807450447988231
0.0927909812858161,-0.360254548726061,0.626697508944744
0.16443750167582,-0.491048719681658,0.845871362567777
-0.0085626329250772,-0.493682159365108,0.82229489225756
0.0386192219662007,-0.613064758358178,0.621458293319847
0.130361717587675,-0.54371751335475,0.666864828731377
0.146962740604522,-0.483148400630853,0.78300077507356
0.0718212679998942,-0.434868673096844,0.578671365720766
0.0560939830365896,-0.426090540817768,0.807450447988231
0.0359980078055742,-0.51650530329016,0.698300122478031
0.157447597247028,-0.548106579494288,0.882545871939328
-0.0347747745313427,-0.526161248796598,0.772522343824676
0.0587151971967614,-0.488415279997753,0.694807312062039
0.00541717593205249,-0.473492455123505,0.727115808413146
0.0403666980728303,-0.469103388984422,0.749819076118911
0.00803839009222429,-0.419945848222596,0.784747180281556
0.133856669800934,-0.561273777912902,0.737594239661121
0.00104848566343207,-0.584974735065316,0.713144566748269
-0.0225424417812974,-0.527039062024869,0.882545871939328
0.170553668050161,-0.630621022915875,0.812689663612218
0.0901697671238253,-0.575318789558423,0.800464827155338
0.103275837927413,-0.574440976331061,0.882545871939328
0.196765809655517,-0.706990773742291,0.870321035480629
0.16443750167582,-0.697334828234943,0.785620382886009
0.0525990308219662,-0.664855738804363,0.859842604232654
0.129487979534133,-0.556006898545547,0.811816461008675
0.0779374343746895,-0.757026127731478,0.889531492771312
-0.0758404630469158,-0.618331637725532,0.659879207899394
0.0735687441074333,-0.665733552032179,0.717510579767804
0.0412404361263725,-0.634132275827596,0.865955022461094
0.077063696321602,-0.631498836143237,0.787366788094005
0.0901697671238253,-0.685923256272417,0.830153715693996
0.0141545564674743,-0.60340881285083,0.825787702673551
-0.0968101763328377,-0.649055100701389,0.768156330804231
0.112886956516377,-0.497193412276829,0.757677899556256
0.00803839009222429,-0.577074416014511,1.01177985734103
0.080558648535316,-0.474370268351322,0.765536722991783
0.0272606272701523,-0.554251272089459,0.846744565171321
0.108518266249121,-0.680656376905972,0.832773323506444
0.124245551212425,-0.601653186396106,0.685202083417607
0.0263868892170649,-0.634132275827596,0.894770708395299
-0.0347747745313427,-0.599897559940018,0.728862213620232
0.0892960290711926,-0.672756057854258,0.91310796308062
0.0796849104817738,-0.691190135640227,0.837139336525979
0.00803839009222429,-0.713135466337462,0.893024303187303
0.0980334096066144,-0.629743209687604,0.829280513088634
0.1382253600691,-0.656955419752649,0.899136721415744
0.0560939830365896,-0.644666034561396,0.913981165685072
0.018523246733821,-0.672756057854258,0.852856983399761
-0.0138050612463303,-0.512116237151076,0.700919730290479
0.144341526443895,-0.819350866912373,0.730608618829137
0.121624337051344,-0.604286626079102,0.883419074541962
0.17404862026433,-0.662222299120003,0.850237375587312
0.0569677210901318,-0.74737018222595,0.893024303187303
-0.106421294921347,-0.7877495907087,0.72536940320515
0.00192222371788375,-0.599019746712202,0.78300077507356
0.0132808184130226,-0.648177287473573,0.732355024037133
-0.0225424417812974,-0.716646719249184,0.606613849049609
-0.0365222506384271,-0.683289816589422,0.768156330804231
-0.126517270152817,-0.694701388551493,0.852856983399761
0.0412404361263725,-0.74737018222595,0.797845219342889
-0.0933152241182142,-0.712257653109191,0.710524958935821
0.077063696321602,-0.833395878558349,0.723622997997154
0.0255131511626132,-0.653444166840927,0.795225611530441
0.0709475299468068,-0.615698198042082,0.900009924019287
-0.0592394400300691,-0.69031232241241,0.790859598510906
-0.122148579885106,-0.577074416014511,0.817055676632663
-0.0295323462096349,-0.643788221334489,0.751565481327816
-0.0199212276206708,-0.729813917667798,0.777761559449573
-0.00332020460427884,-0.599019746712202,0.812689663612218
-0.0339010364782553,-0.668366991715629,0.857222996419296
0.0753162202145177,-0.673633871082529,0.884292277146415
0.0718212679998942,-0.739469863174236,0.963753714117047
-0.360679068499849,-1.1915436755371,2.13384520357613
-0.933851231620338,-2.3379677511607,5.07479157409944
-2.86655980604291,-4.74054255589499,12.1748019478264
-5.43797089760119,-3.32638544576457,16.0256254317928
-8.39120551855558,2.72086988116598,16.3775260812354
-12.764264476506,13.3424099386289,14.1281561731412
-15.9874841560027,22.3040051821536,11.7434398614132
-18.9450874672243,30.8381053836956,8.98411963253875
-20.9966244169282,38.1142992296714,6.44048044687133
-22.332569900786,42.8606353528703,4.48974582936899
-23.0848583648813,47.2207336557972,2.58878376029952
-23.3408636145673,50.1982761247982,1.41956547344489
-23.4334798482419,52.5271146183886,0.135957645455164
-23.415131349117,54.3705223969569,-0.834170447671568
-22.8804036603528,55.1535317962353,-1.67069854237525
-21.8546351855011,55.1096411348408,-2.11690507305684
-20.4505381334675,53.7420081257883,-1.18257828669812
-19.4247696586158,52.88438460214,-0.890055414332892
-18.5029760121347,52.0820633118492,-0.494494634687726
-17.9088341357306,51.8081855847481,-0.212450193570476
-17.6956420506672,51.207761336871,0.0189484965085285
-17.2115911690075,50.6845846530491,0.485238687084347
-16.9319949918759,50.3703275174644,0.868574630272633
-16.4881360606792,49.8489064600985,1.39598900313467
-16.1639792428177,49.4644242662825,1.58547396821814
-15.5331403681639,49.4231670445715,1.90768572912111
-15.1932562653383,49.6224306473027,2.06922821087483
-14.6323164349678,49.8120383045266,2.00723082598688
-14.2199120736982,50.0244691056764,2.3303157894934
-13.8608057336951,50.3194143502469,2.43510010198224
-13.3951033511598,50.7565653377364,2.7031733014328
-13.0386182253164,51.0427324500279,2.8821798352692
-12.692617956116,51.3253883094085,2.92322035766028
-12.1875973611723,51.2595523173168,3.04546872223
-11.926349683165,51.3517227062453,3.10833930972422
-11.4283189926482,51.3947355544115,3.37117329354987
-10.7275810737128,51.5334300444183,3.21399682481569
-10.3151767124432,51.4377484025786,3.2873458435588
-9.73326716878773,51.7625392968976,3.11270532274375
-8.45586213451725,51.702847997401,3.17295630242461
-8.10986186531727,51.8661212577881,3.31703473209745
-7.9228819218597,52.1145424012811,3.27337460189301
-7.73065955008133,52.2734265955291,3.22010924304595
-7.43533608798634,52.5139474199705,3.54319420655338
-7.38029059061364,52.6842431861814,3.71608832215952
-7.07448227187615,52.9677768587899,4.35701903354948
-7.00982565591357,53.2583330372213,4.38932752989967
-7.16447729139009,53.6077027019214,4.62072621997959
-7.05263882053805,53.5357220172345,4.83553406058218
-6.90934577975713,54.0448536894105,5.03549745691635
-6.70663855133671,54.3757892763251,5.05034190118477
-6.93817913552357,54.7988952521673,5.09662163920075
-6.71013350355088,55.049072022116,5.15337980846562
-6.54412327337923,55.3290944418131,5.34810398917398
-6.51266870345171,55.8724608298762,5.84059025787155
-6.42179994588378,56.0506569151376,5.99602032139774
-5.8861985190656,56.3210233893278,6.07548175836837
-5.81892068894376,56.6510811630142,6.26671312865983
-5.54456694013334,56.7055055831433,6.52256149165351
-5.47466789584996,56.9925505086635,6.86049089943117
-5.28069804796496,57.0970102827828,7.30145821448787
-5.15313229214871,57.1733800336078,7.39489089312428
-4.85081892562539,57.2769619944993,7.71011703319527
-4.52316715554889,57.2708173019041,8.05415885919956
-4.2724043341841,57.2883735664623,8.2715863076146
-3.95873237296382,57.3322642278567,8.83218237943129
-3.68962105247419,57.2541388505742,9.29236015177685
-3.37507535320174,57.2462385315234,9.3272882559404
-2.95393361139713,57.3217304691216,9.71673661735713
-3.02208517957297,57.5762963052102,10.0057666793064
-2.69355967144338,57.8141836899676,10.2860647152147
-2.48823122886188,58.1398523975149,10.6694006584021
-2.24533204997851,58.3198041092323,10.9470790864989
-2.06708948705682,58.6682959607037,11.3024725463565
-1.87486711527936,58.8473698591933,11.7748751551608
-1.58391234345117,59.2932989789615,11.7905928020336
-1.28159897692831,59.6461798965734,11.8194084879688
-0.911134042229151,60.0122280126034,11.9093483561874
-0.687457100523261,60.3773983154047,11.712877770271
-0.310875999448854,60.5994850620609,11.8045640436994
0.121624337051344,61.1086167342373,12.0054006426353
0.338311374328896,61.3895169671614,11.9687261332656
0.721008641777644,61.6177484064133,12.2612490056299
0.939443155161825,61.9425393007323,12.3206267827063
1.33349901730708,62.2181726542894,12.3625405077028
1.48465570056896,62.4788831829728,12.4856620748769
1.71969123696999,62.706236808996,12.6148960602795
1.81143373259192,63.1144199599644,12.8096202409879
2.0805450530811,63.3602076637744,12.8462947503594
2.38460589571105,63.6542750951171,12.5546450805987
2.41868167979919,63.7973586512626,12.475183643628
2.53052015065214,64.3056125102112,12.346822860829
2.77254559148241,64.3100015763507,12.02985031555
2.94554572608149,64.458352011864,11.8272673114043
3.02068719868612,64.6786831320637,11.5600673145582
3.3500864448697,64.6339146574419,11.5146607791457
3.36493999177947,64.7699757077644,11.2806424812543
3.46367239182928,64.5952908754148,11.2430947692792
3.50036939007805,64.7708535209927,11.0649614380482
3.54580376886179,64.778753840043,10.8597588260909
3.84374844511876,64.6488374823152,10.6938503313158
3.81316761324342,64.6681493733295,10.7584673240181
3.86733937256304,64.6014355680099,10.6370921620519
4.07528902930471,64.6593712410499,10.6990895469407
4.06742538682329,64.7840207194108,10.7497352979763
4.07354155319763,64.6163583928833,10.624867325595
4.16965273908727,64.5540336537033,10.5104777844608
4.14780928774871,64.5645674124385,10.5130973922733
4.17052647714036,64.5961686886421,10.4048202693675
4.17314769130144,64.6233808987067,10.5663627511212
4.1329557408385,64.6146027664286,10.4292699422822
4.01762231777184,64.5575449066146,10.4738032750902
4.2037285231745,64.5689564785775,10.3969614459311
4.03684455494931,64.5048761129419,10.4380019683231
4.13033452667787,64.5961686886421,10.3707653678084
4.22032954619226,64.619869645795,10.3175000089595
4.13557695499958,64.532088323007,10.2712202709445
4.13208200278495,64.590023996047,10.4336359553026
4.18800123821075,64.3749597552137,10.2397849771978
4.27013261524371,64.5847571166796,10.2511366110512
4.15829414439122,64.46800795737,10.1891392261623
4.16178909660493,64.4732748367383,10.3707653678084
4.28585990020747,64.4671301441426,10.3340908584387
4.17751638156915,64.5145320584488,10.1708019714761
4.21858207008472,64.380226634581,10.2362921667818
4.30158718517077,64.3960272726827,10.1515915141863
4.19236992847891,64.3565256774282,10.1053117761703
4.1495567638558,64.2696221678675,10.1245222334601
4.18974871431874,64.2731334207792,10.2188281147
4.24479421169144,64.3890047668606,10.2790790943818
4.08926883816184,64.3433584790096,10.1131705996067
4.1600416204983,64.3969050859109,10.2886843230253
4.20110730901433,64.2854228059691,10.2258137355329
4.1714002151939,64.2880562456526,10.1568307298112
4.26751140108308,64.2669887281841,10.1856464157454
4.23780430726265,64.1467283159627,10.1454790959588
4.26751140108308,64.1326833043163,10.2048568730352
4.28585990020747,64.1651623937482,10.2886843230253
4.25877402054812,64.184474284762,10.1935052391818
4.27100635329771,64.1906189773576,10.1542111219987
4.19761235680016,64.1440948762788,10.1655627558512
4.194117404586,64.2959565647038,10.2179549120956
4.23081440283431,64.1818408450786,9.98830262722458
4.05694053018078,64.1423392498227,10.2354189641774
4.20722347538913,64.2792781133744,10.1140438022112
4.19761235680016,64.2494324636259,10.2100960886592
4.19935983290725,64.2388987048917,10.1131705996067
4.40294079938121,64.1247829852655,10.1105509917961
4.28061747188622,63.9983778804494,10.0275967444077
4.45623882064683,63.9509759661428,10.0677640641952
4.59079448089142,63.523480924162,10.0782424954441
5.22512830775895,61.3649381967812,10.5480254964359
6.85552351565821,56.3052227512258,11.891011101502
10.1565058819201,46.6027531433633,14.6180228340263
12.2805630900675,36.6913639872623,17.399173128003
11.8174819216929,28.1326850153391,21.9075181728385
8.06302950564577,21.6790021638963,26.3949063551754
1.98181265303128,17.970241276063,30.9582631640669
-3.13654486458654,13.7646381012441,35.1557480818528
-7.43708356409343,9.81623420219739,38.6529245111697
-10.4104141602788,6.22422247367331,41.2768983364131
-12.2714762143114,4.23948676541522,42.3160094352606
-13.2142395740775,2.96226851883557,42.8050028935413
-13.6345075778281,1.90713701891264,42.7168094305307
-13.4920882751021,0.964365612158872,42.3395859055709
-13.1556991244911,-0.23472725713782,41.9667283936315
-12.3903045895922,-1.1257076834454,41.2568146765198
-11.7542232866181,-1.84990359645462,40.7590891921964
-11.4781220617001,-2.37659153318828,40.1478473693451
-10.8595155197963,-3.02705113505363,39.4143571819213
-10.1622725530742,-3.53091592786313,38.804861764278
-9.67822167141503,-4.01283538997404,38.081850008105
-9.24135264464621,-4.46052013619783,37.4828330217106
-8.68740271870456,-4.79321134956808,36.8986604795855
-8.35712973446789,-4.95648460995562,36.3511624468301
-7.9788011572864,-5.17857135661143,35.8674082041734
-7.77172523859781,-5.23387358996797,35.1173271672724
-7.3741744242393,-5.10571285869628,34.6169820751384
-7.06399741523319,-4.90557144273771,34.0232043043679
-7.0238054647707,-5.39100215776079,34.0668644345715
-7.06574489133982,-5.54023040650236,34.2965167194425
-6.92070437445318,-6.03707269348706,34.5602239058735
-6.94779025411299,-6.16084435861967,34.5820539709757
-6.8350780452065,-6.45930085610325,34.7051755381499
-6.78964366642276,-6.53918185984003,34.8440147521978
-6.84731037795609,-6.64627507364321,34.8518735756352
-6.61227484155506,-6.92103061397211,34.9313350126049
-6.69440621858757,-6.96667690182267,34.9697559271854
-6.69877490885483,-6.8148152133972,34.961897103748
-7.14176010199799,-5.22333983123417,34.5689559319144
-9.01680196488769,-0.278617918532291,33.2390683659078
-10.8429144967795,5.4473577669919,31.5223520462987
-12.9722141332481,11.5859056696222,29.8353246152274
-14.6069780314151,16.5990970140988,28.2626867252902
-15.8887517559533,19.8531506498857,27.3248671285137
-16.7423938342581,22.4277768472857,26.6542475285851
-17.332167020395,24.3291202988944,26.0395128953169
-17.8502936861428,25.9539525837176,25.573222704742
-18.4654052758324,26.9906500058555,25.2483913360256
-18.9110116831362,28.091427793629,24.9401508167884
-19.1888603841608,29.4063920090075,24.6537403626517
-19.6187395065012,30.592317679886,24.1638737017656
-20.185795503246,32.0679217159682,23.9665299132448
-20.4278209440754,33.5303585536321,23.448720769029
-20.8681849230584,34.7575414462212,22.7484122805608
-21.1320538152268,36.0365153192565,22.5851233936
-21.4457257764457,37.1127143366493,22.4131024805974
-21.6327057199028,38.1511673852428,21.8132122915977
-21.4806752985874,39.1053503639582,21.3748645843525
-21.6038723641359,39.9015269616543,20.8457038062852
-21.4719379180524,40.6968257461222,20.4169613276827
-21.4570843711426,41.3148062585569,20.250179630305
-21.6580441234551,42.0802593932767,19.8432672168065
-21.5112561304613,42.5059988088028,19.7009351923425
-21.7104684066671,42.8606353528703,19.5786868277728
-21.6519279570803,43.0660436481962,19.5446319262128
-21.7340593341137,43.3627445192224,19.3341900986316
-21.6860037411684,43.4092686203007,19.29751558926
-21.8476452810728,43.9517571951369,19.3883286600831
-21.6964885978109,44.2835705952793,19.3315704908182
-21.4334934436961,44.9059401738527,19.0573848731392
-21.1521497904573,45.2790107957053,19.2390110147871
-20.5588816521063,46.0444639304255,18.752637164318
-19.6519415525358,46.8204508238796,18.0200201794996
-18.8743146848878,47.2795471420654,17.3817090759203
-17.6222480541696,48.2899101673665,16.4011025515456
-17.1364496964038,48.7770965088453,16.0561875229369
-16.4164895402896,49.4828583440681,15.3366685771789
-15.9385548250048,49.9164980786454,14.8817300204564
-15.5838171752685,50.3185365370191,14.508872508517
-15.0761753661641,50.6907293456438,14.1709431007403
-14.623579054432,50.9812855240757,13.7753823210942
-14.0783665090253,51.3929799279558,13.5352516049734
-14.1631191002184,51.1015459362966,14.1430006174096
-13.6878055990942,51.2288288543405,14.5237169527854
-13.264042643129,51.5913657174588,14.3866241439473
-12.6096128410304,51.6133110481564,14.2041247996949
-11.7917940229204,52.3497963463556,13.8696882023341
-10.9294145640793,52.7176000888417,13.7622842820329
-10.3745909000836,53.2495549049422,13.2645587977104
-9.62404991209587,53.9500498607977,12.7222999805808
-8.9600089914079,54.8006508786229,12.1398738436637
-8.40256411325072,55.3176828698497,11.6831888817333
-8.06792243874679,55.8522711256346,11.3915392119716
-7.89317482803972,56.1928626580561,11.8054372463021
-7.53494222608924,56.9820167499283,11.8281405140078
-6.90847204170404,57.3849330215298,12.0167522764896
-6.28200185731794,57.8106724370564,12.0412019494033
-5.11905650806102,58.2302671599873,11.668344437463
-4.16842950581304,58.9290064893876,11.5775313666391
-3.30255509475774,59.316122122887,11.493703916648
-2.34056949781461,59.9586814057025,11.2308699328223
-1.84516002145892,60.5564722138947,10.993358824514
-1.40217482831576,61.3008578311451,10.4781692881097
-1.18723526714575,62.0417321954833,10.1908856313694
-0.879679472301632,62.7738284275438,9.86430785744597
-0.721532884610497,62.9081338514106,9.88177190952774
-0.650760102274489,63.2996385510492,9.65211962465582
-0.852593592640915,63.3224616949747,10.1987444548067
-0.798421833322664,63.3619632902291,10.9802607854535
-0.870068353712213,63.3961980061172,11.6080934577822
-0.462906420763829,63.7007991961946,12.1311418176238
-0.176320339204267,64.0168119582349,12.6568097852751
0.348796230971402,64.3152684557172,12.9798947487834
0.854690563968688,64.9051589448595,12.9213901743096
1.45844355896315,65.4731041033037,12.7563548821399
2.057827863689,65.9515123125034,12.8515339659834
2.61702021795236,66.3912967396764,12.6384725305898
2.88351032428091,67.017177571161,12.2516437769846
3.37629858647551,67.5438655078947,12.0935941056468
3.75986959197826,67.9906724408911,12.0211182895091
3.91801617966848,68.2145148140021,11.9058555457714
4.14518807358809,68.3927108992648,12.0874816874193
4.34876904006251,68.6025082607298,12.3249927957277
4.7375824738856,68.5401835215503,12.6332333149649
5.11503731301354,68.5077044321179,13.2706712159397
5.80441663725378,68.5928523152238,13.8469849346284
6.44224541633548,68.4190452961011,14.2076176101109
7.09492774232785,68.7315468052293,14.5368149918468
8.07176688618165,69.0510708201818,14.4983940772681
8.93239886891524,69.3012475901301,14.4922816590388
9.30723249388257,69.8191573945851,14.4739444043544
9.9800107951055,70.1781830047917,14.4765640121659
10.2368897828451,70.7127712605761,14.4267914637339
10.6099759317049,71.183279150725,14.3962293725908
10.8030720415368,71.2965170571224,14.3385980007224
10.940248915942,71.8354943790468,14.4259182611304
11.2119814505922,71.9759444955098,14.2678685897927
11.3045976842677,72.1874974834309,14.3062895043713
11.2084864983776,72.5157996306616,14.5036332928921
11.2023703320033,72.3577932496414,15.1288463574101
11.0713096239724,72.4789314750901,16.0684123593937
11.1735369762368,72.7589538947868,16.6604437249553
11.2853754470893,72.960850937201,17.3354293379043
11.654966643735,73.366400648486,17.8095783519175
11.9144668456356,73.7482494026181,18.0366110289769
12.6754926902659,74.3205836272027,18.3369927247777
13.190124403799,74.8446381242525,18.4120881487288
13.5693267190341,75.2071749873708,18.3658084107128
14.2167666167038,75.6048243796045,18.4347914164346
14.579367908922,76.1174673046921,18.259277693016
14.9341055586583,76.4703482223035,18.2391940331217
15.4059241075674,76.8241069531427,18.1265508971956
15.9109447025116,76.7407146964938,18.2671365164515
15.8987123697621,76.9092548362482,18.5718842252745
15.990454865384,76.7196471790239,19.1839992507303
16.3093692549251,76.6538111869327,19.840647608994
16.5382886249508,76.6160652181334,20.7278214547332
16.9428293437386,77.004936478088,21.5626031442298
17.0852486464646,77.1690875517038,22.4331861404908
17.6986127600485,77.7019201810322,22.8514501878426
18.0489817195157,78.1697946314976,23.318613581022
18.2892596842385,78.7254504047519,23.5858135778681
18.6632195711522,79.2459936488904,23.8652384111729
18.7357398295958,79.7621478268893,24.1603808913496
19.0511592669222,80.2607457403305,24.4066240256989
19.2599826617179,80.610993218258,24.4956906913139
19.3106594688229,80.765488346367,24.7279625839974
19.4128868210869,80.7935783696594,24.8790266345022
19.4653111042985,80.8243018326357,25.1706763042639
19.4155080352475,80.6399610547792,26.0080776015711
19.2949321838591,80.7057970468704,27.0454422952107
19.140280548384,80.7022857939587,28.0234292117739
19.4111393449798,80.9182278480198,29.0852435783272
19.84363968148,81.1166136375232,30.1723808204015
20.0804226939886,81.5800990218481,30.7233716635719
21.2040498308365,82.1787676432691,30.7207520557595
21.7746007797959,82.7949925292478,30.5530971557773
22.4517477712866,83.3462592363626,30.4587912745374
22.961137056499,83.5349890803591,30.3295572891338
23.9947691738334,83.4278958665559,30.6273193771231
25.2765428983703,83.0785262018562,31.7057245931546
25.404108654187,83.0688702563489,32.0122187071856
25.5613815038241,83.0083011436245,32.4680304665108
25.8768009411506,82.872240093302,33.1779441836234
26.0157252916629,83.0943268399578,33.7891860064756
26.5688014795514,83.5815131814365,34.9068853396911
26.8545138230579,83.8826031186031,34.9697559271854
27.1839130692415,84.3583778881193,35.1365376245622
27.3857465596084,84.8692651867509,35.2622787995506
27.5421456711911,85.3555737150014,35.3539650729763
27.8523226801972,85.9112294882557,35.4185820656785
28.1974492113445,86.3352132773257,35.563533697954
28.4412221282805,86.5274543742339,36.0586395744649
28.8571214417643,86.9646053617234,36.4891284582727
29.2660308508198,87.1366567543896,37.1099755097694
29.6627079271252,87.5860971270681,37.8705349779193
30.1249153574454,88.1399972738668,38.4258918341102
30.7409006851885,88.5385244793292,38.9279833314522
31.2494162323474,89.1020805716339,39.2353506480868
31.6967701157582,89.608578804126,39.5645480298235
31.9903461017466,90.1458004995943,39.9234343000971
32.3145029196085,90.5232601875864,40.05878070373
32.4761444595129,90.7839707162698,40.5276905021174
32.6639981410235,90.8419063893111,40.6429532458542
33.1690187359673,90.7172569109507,40.9424617390523
33.2721198262848,90.7392022416475,41.2611806895393
33.4695846263839,90.4047554018216,41.6034761103356
33.4590997697414,90.3678872462506,42.1378761040296
33.522008909596,90.1721348964306,42.7648355737556
33.613751405217,90.0281735270564,43.9960512454991
33.7884990159246,90.1879355345327,44.3837532017096
33.8732516071177,90.4240672928354,45.2010708391226
34.216630662158,90.9340767782387,45.8420015505126
34.4333176994351,91.3308483572455,46.2366891275542
34.5521460747159,91.9716520136044,46.8304668983255
34.9121261527725,92.4807836857804,46.8138760488473
35.2004597104396,92.8608768134563,46.7055989259425
35.3271517282024,93.0127385018809,46.8557897738428
35.7841167302026,93.4727126332959,46.8985767014428
35.9780865780876,93.5218701740578,47.1736355217263
36.4560212933725,93.5692720883635,47.7508224430185
37.028319718439,93.7939922747028,48.4406525002378
37.56741609747,93.9783330525602,48.9532224288287
38.2891237296917,94.0292462197772,49.6247152313626
38.7565735883336,94.3162911452973,50.1905505188024
39.3236295850797,94.7209630433549,50.5992093375098
40.0051452668376,95.1186124355886,50.7345557411418
40.708504399935,95.5724418744076,50.8568041057115
41.1139188567763,95.9209337258799,51.124877305162
41.3253634657317,96.4853676314124,51.2209295916091
41.8268891084617,96.8996954749769,51.6505452728143
41.7176718517694,97.0094221284626,51.9378289295555
41.9535811262244,96.9233964321297,52.5054106222042
41.9361063651531,96.7408112807284,53.6746289090588
41.9430962695819,96.7943578876293,54.4378079850194
41.9937730766874,96.7293997087654,55.1276380422378
42.1728893776617,96.8558048135819,56.0086994697485
42.3458895122621,97.2157082370172,56.536987045215
42.5896624291995,97.4720296995602,57.1587072993143
42.8727535585444,97.8889909828076,57.5490288633355
43.2467134454582,98.3401869819431,57.7053321294661
43.6189258562654,98.6711225688578,57.9664197080829
44.0278352653199,99.1986883188183,57.8895778789247
44.4349971982683,99.5664920613049,57.9262523882962
44.6473155452782,100.012421181073,58.0974000986944
44.7512903736488,99.9834533445519,58.3497556512721
44.9373965790523,99.9167395392324,58.4632719898018
45.04311888353,100.028221819175,58.9915595652674
45.2475735880571,100.074745920253,59.8385660912181
45.3052402995909,99.9808199048689,60.7859909166391
45.6049324519545,100.246797312919,61.4915386207313
46.0269479318117,100.561932261731,61.9918837128662
46.1999480664126,100.859510945986,62.7847516773654
46.8264182507983,101.208880610686,63.140145137224
47.1479538544995,101.522259933042,63.5418183350976
47.5105551467173,101.936587776606,63.6500954580033
48.0147020036079,102.273668056116,63.7906810772583
48.2331365169921,102.809134125128,63.8491856517321
48.3982730091102,103.124269073941,63.9303934939107
48.6464146163148,103.466616232818,64.1024144069133
48.7110712322765,103.584243205355,64.2010863011737
48.8377632500396,103.563175687885,64.5171856438492
48.9443592925709,103.442037462437,64.5407621141576
48.9548441492129,103.600921656685,65.0245163568161
48.9417380784103,103.253307618441,65.7693581780904
49.0334805740317,103.165526295651,66.7630627415274
49.1112432607965,103.283153268189,67.3655725383378
49.2326928502375,103.262085750719,68.3435594549019
49.4458849353005,103.592143524406,69.0770496423247
49.7246073743786,103.95643601398,69.593985583936
50.3965119375484,104.400609507292,69.8227646662026
50.786199109426,104.903596486873,70.0890914604461
51.1077347131272,105.347769980186,70.1528352505438
51.6415886638383,105.909570446035,70.0917110682585
52.0190435029663,106.225583208074,70.0917110682585
52.3851397473982,106.469615285428,70.1580744661687
52.4873670996622,106.654833876513,70.0270940755572
52.8884128662353,106.613576654802,70.32572936615
53.076266547745,106.768949596138,70.2401555109509
53.1601454008851,106.737348319934,70.3763751171864
53.4310041974818,106.901499393549,70.6069006046619
53.5279891214241,106.931345043297,71.3980221639531
53.8215651074124,107.278081268314,71.8180326165129
54.150090615542,107.654663143078,72.3096456826061
54.4934696705823,108.155894496203,72.7654574419339
54.6385101874694,108.587778604324,73.0492482882582
54.9556771009034,109.220681941633,73.4919620085238
55.2501268249453,109.82549525565,73.6246888043424
55.7988343225657,110.367106017257,73.8316378215077
56.0994002129828,110.782311674049,73.8421162527575
56.2933700608669,111.244919245147,73.9006208272303
56.7512088009207,111.366057470595,73.839496644945
57.1688555905112,111.632034878646,73.9565057938908
57.389037580002,111.467005991803,74.0857397792934
57.8337702492527,111.452083166929,74.3284901032266
57.8818258421966,111.339723073759,74.747627353182
58.3711191521779,111.265986762616,75.5221580629959
58.7293517541279,111.315144303378,76.1028377947059
59.2780592517488,111.56356544687,76.4119515165476
59.7254131351597,111.922591057078,76.8249763482754
60.2881004416367,112.326385141906,77.1960874550059
60.4794490753616,112.954899413076,77.2921397414548
60.9154443640759,113.461397645568,77.3890652305072
61.3531871288978,114.065333146355,77.5829162086111
61.5593893095329,114.499850694161,77.4659070596654
61.8451016530389,114.994937354691,77.4030364721712
62.0993594266179,115.268815081792,77.5881554242369
62.357112152411,115.490024015221,77.6545188221453
62.5606931188854,115.510213719462,77.8116952908786
62.6978699932906,115.583072217377,78.1321606465735
62.7607791331457,115.562004699907,78.58360639288
62.8935873172827,115.564638139591,79.2961397178042
63.2282289917875,115.975454730243,79.7170233729694
63.3348250343188,116.23440963247,80.1492586619852
63.6799515654657,116.977917436493,80.5072717296562
64.096724617003,117.536206649431,80.7709789160863
64.4829168366659,118.124341512117,81.025080873872
64.6786341606585,118.520235277895,81.1027959056346
64.9853162174495,119.301489050717,81.1682861009394
65.3391801291323,119.817643228716,81.3839671441456
65.5506247380881,120.101176901324,81.4747802149705
65.8241047488441,120.483903468684,81.6188586446424
65.8546855807185,120.743736184139,81.7795279237926
65.9639028374104,120.71037928148,82.0790364169898
66.099332235709,120.83502875984,82.4134730143496
66.1334080197967,120.648054542299,83.2665919585306
66.3221354393609,120.787626845533,83.9625344339775
66.5746457368332,120.986890448264,84.8121605677416
66.9197722679796,121.219510953655,85.4679357234018
67.2369391814136,121.627694104624,86.0512350629233
67.6388586860407,122.081523543443,86.4057553201783
67.9464144808849,122.305365916555,86.8598206742972
68.2627076562662,122.88560046019,87.2012428924891
68.7913191786552,123.349085844515,87.3199984466437
69.0141223823071,123.575561657311,87.4509788372543
69.2159558726739,123.866117835742,87.6902363507706
69.3985671258633,124.130339617337,88.0063356934461
69.7716532747236,124.203198115251,88.3241814413286
69.873006888934,124.152284948034,88.2988585658104
70.1639616607613,124.016223897711,88.5809030069258
70.2801688218815,124.078548636891,89.0812480990608
70.3343405812011,123.838905625678,89.6287461318161
70.5510276184773,123.691433003392,90.2653108301856
70.6969418734188,123.823982800803,91.0477003634369
70.9948865496744,124.200564675568,91.7785709430464
71.1014825922061,124.779921405975,92.1592872784213
71.4413666950322,125.150358588144,92.7032925007607
71.8502761040868,125.762194407983,92.8901578580326
72.1534632086641,126.500435332639,92.8927774658459
72.4933473114902,127.078914249817,92.988829752293
72.7615848939254,127.575756536804,93.1844271356067
72.86643346035,127.932148707326,93.2761134090342
73.1783579454618,128.185836730186,93.4944140600519
73.4264995526669,128.25957304133,93.6812794173238
73.7349290855655,128.335942792155,93.8716375850117
73.9821969547165,128.282396185254,93.975548694897
74.2416971566167,128.114733858728,94.3178441156933
74.3456719849869,127.931270894098,94.9587748270851
74.7440965374008,127.75570824852,95.6389996556582
75.1337837092778,127.81013266865,96.1323591269602
75.5828850687953,128.287663064622,96.6318310164916
76.0870319256856,128.626498970587,96.910382647191
76.4802140497777,128.921444215157,97.1286832982096
76.9529063367409,129.62720605038,97.4264453861988
77.2403661563544,129.948485691788,97.5958466913889
77.8659626026861,130.605967799478,97.7355591080404
77.9620737885753,130.860533635566,97.9887878632226
78.1429375656571,131.061552864753,98.1127826330003
78.4880640968049,131.231848630963,98.315365637146
78.6593167552978,131.462713509899,98.5781996209716
78.6671803977792,131.130900109756,98.8349211865698
78.9616301218216,131.176546397606,99.4025028792194
79.0795847590489,131.041363160511,99.9264244416636
79.3303475804137,131.231848630963,100.585692407739
79.4919891203176,131.323141206663,101.031898938421
79.7777014638255,131.783115338078,101.56979174253
80.1394290179887,132.429185873804,102.136500232575
80.3202927950711,132.897060324269,102.343449249741
80.6793991350746,133.46676110917,102.670027023664
81.0944247105044,134.014516563373,102.8062466299
81.1118994715748,134.549982632385,102.992238784568
81.4692583354708,134.941487332023,103.234115905896
81.5173139284161,135.188152849062,103.318816558492
81.7436120842822,135.065258997157,103.498696294931
81.9681627640412,135.385660825337,103.664604789705
82.2390215606374,135.149529067034,103.91434073447
82.3814408633639,134.992400499242,104.037462301644
82.4338651465755,135.018734896079,104.528202165135
82.5273551183041,134.889696351578,105.095783857782
82.5771581873555,135.046824919371,105.683449210324
82.5928854723188,135.488364972999,106.249284497764
82.7554007502772,135.922882520805,106.723433511777
82.8777240777727,136.567197430075,107.083192984654
83.3888608390916,137.100907872632,107.523287097109
83.7278712038642,137.706598999875,107.620212586161
84.0432906411902,138.343013590095,107.700547225736
84.5343314272782,138.791576149548,107.820175982493
85.0131398806161,139.045264172407,107.584411279394
85.4255442418853,139.333186911155,107.671731539802
85.7986303907451,139.358643494764,107.787867486143
86.1874438245686,139.363910374132,107.803585133017
86.4277217892914,139.35601005508,107.968620425187
87.0926364480329,139.235749642859,108.151992972043
86.9807979771804,139.002251324241,108.36156159702
87.0664243064271,139.004006950697,108.98328185112
87.4604801685723,138.922370320503,109.508076616169
87.4386367172337,139.312997206914,109.850372036966
87.8685158395742,139.729958490161,110.35682954733
88.3176171990917,140.258402053351,110.685153726462
88.6609962541311,140.717498371537,110.837964182176
89.0218500702417,141.31528917973,110.951480520705
89.4272645270826,141.77262987146,111.113896205062
89.8003506759433,142.31336281984,110.932270063414
90.049366021201,142.740857861822,111.102544571209
90.1638257062141,143.184153541907,111.223919733176
90.3525531257787,143.429063432488,111.100798166
90.9231040747381,143.487876918756,111.161922348286
91.104841589874,143.58619200028,111.243130190466
91.3931751475398,143.695918653767,111.5077105795
91.6911198237967,143.659050498195,111.990591619553
91.851013887594,143.722253050603,112.345111876807
92.3638981250192,144.084789913721,112.824500106444
92.9676511200137,144.466638667854,113.222680493902
93.4691767627437,144.797574254768,113.695083102706
93.8536215062995,145.184689888267,114.020787674025
94.3796118145278,145.712255638229,114.281002050039
94.7649302961381,145.780725070004,114.414602048462
95.0165668555564,146.303901753826,114.645127535938
95.3337337689904,146.647126725931,114.680055640101
95.7365270116707,146.87184691227,114.734194201554
96.0790323286574,146.896425682652,115.176907921818
96.2834870331849,147.068477075318,115.227553672856
96.4005679323591,146.951727916008,115.348928834823
96.3717345765922,147.031608919747,115.674633406142
96.409305312894,146.995618577402,116.358351045133
96.3507648633072,147.322165098178,117.042941886726
96.3673658863245,147.628521914711,117.526696129384
96.6093913271543,148.220168030309,117.941467366319
96.8723864812682,148.820592278185,118.265425532431
97.2192604885227,149.350791467831,118.602481737602
97.5722506621514,149.795842774371,118.742194154254
97.9593166198679,150.226849069264,119.092348398489
98.4302614307244,150.405922967754,119.164824214628
98.7946101990492,150.699990399097,119.198879116186
99.2620600576915,150.6780450684,119.284452971384
99.6045653746773,150.86940835208,119.283579768781
99.9960000226615,150.758803885365,119.450361466159
100.525485283106,150.842196142014,119.579595451562
100.83304107795,150.578852173648,119.84068303018
101.121374635617,150.697356959412,120.364604592624
101.44815266764,150.795672040937,120.824782364972
101.602804303116,151.298659020517,121.299804581588
102.094718827257,151.611160529646,121.549540526353
102.630320254075,152.08342404625,121.816740523201
103.116992349895,152.701404558684,122.124107839834
103.421053192526,153.170156822378,122.330183654396
103.712881702407,153.683677560693,122.514429403856
104.004710212289,154.0427031709,122.909990183502
104.418862049664,154.260400851416,122.944918287665
104.566523780712,154.447375068957,123.219103905343
105.14668584826,154.737931247389,123.347464688142
105.393079979357,154.478976345161,123.531710437602
105.438514358141,154.60011457061,123.933383635476
105.684034751185,154.433330057311,124.431982322402
105.749565105201,154.499166049402,124.982973165574
105.74432267688,154.687018080171,125.449263356149
105.966252142478,154.919638585562,125.885864658185
106.368171647105,155.505140008564,126.248243738876
106.526318234795,156.030072318842,126.401054194589
106.811156840247,156.748123539255,126.685718243518
107.324914815727,157.494264782962,126.851626738292
107.813334387654,157.99374050963,126.977367913279
108.064970947073,158.308875458443,126.95204503776
108.521062211018,158.688090772891,127.062068565874
108.922981715646,158.710036103589,127.239328694502
109.447224547768,158.9338784767,127.515260717389
109.829048077163,158.723203302006,127.702126074661
110.293876721644,158.387878648953,127.999014960046
110.615412325345,158.293952633569,128.604144364669
111.27595829382,158.154380330334,129.518387491135
112.005529568523,158.598553823646,130.409927349895
112.351529837723,158.682823893524,130.548766563942
112.847813052132,159.374540717101,130.94869335661
113.18332846469,159.593116210845,130.930356101923
113.315262910774,159.918784918392,130.967903813897
113.664758132189,160.741295912925,131.684803151843
113.967945236766,160.928270130465,132.062899879408
114.24055150947,161.293440433268,132.528316867379
114.592667945045,161.811350237722,133.040013593366
114.911582334586,162.474977038007,133.51241620217
115.465532260528,163.256230810829,133.831135152658
115.872694193476,163.674069907303,134.184782207308
116.330532933529,164.261326956762,134.627495927572
116.718472629299,164.718667648492,135.099025333773
116.961371808183,165.274323421746,135.423856702489
117.358048884488,165.605259008661,135.786235783181
117.68220570235,165.958139926272,136.27697564667
117.853458360843,166.242551412109,136.547668453933
118.050923160942,166.239040159197,136.89869590077
118.230039461917,166.107368175014,137.090800473668
118.367216336323,165.997641521527,137.666240989752
118.426630523963,165.881770175446,138.480939019353
118.423135571749,165.689529078537,139.323579532285
118.483423497444,165.623693086446,140.44564487852
118.554196279779,165.819445436266,141.377352057067
118.762145936522,166.141602890901,142.111715447094
118.968348117156,166.778017481121,142.686282760575
119.189403844701,167.087007737338,143.218063146456
119.693550701591,167.388975487732,143.700944186509
120.021202471668,167.662853214833,144.098251371363
120.167990464662,167.869139323388,144.373310191645
120.432733094883,168.08859263036,144.74704090619
120.88882435883,168.22992056005,145.174910182185
121.082794206714,168.286978419863,145.327720637899
121.221718557226,168.169351447326,145.462193838927
121.519663233483,168.166718007642,145.700578149839
121.76343615042,168.141261424033,145.821953311805
121.794016982293,167.904251852503,146.000086643036
121.977501973536,167.918296864149,146.377310167996
122.375052787896,167.903374039275,146.896865717421
122.415244738358,168.431817602465,147.454842181424
122.658143917241,168.929537702678,147.856515379298
122.935118880212,169.520306005048,148.22326047301
123.222578699826,170.329649801162,148.611835631822
123.373735383088,171.21624116133,148.807433015135
123.699639677057,171.674459666288,149.134010789059
123.869144859443,172.319652388788,149.476306209855
124.077094516184,172.762948068872,149.685874834834
124.278928006551,172.920954449892,150.007213393133
124.543670636773,172.906909438246,150.125968947286
124.867827454636,173.155330581738,150.09889966656
125.076650849431,173.110562107115,150.403647375382
125.405176357561,173.010491399136,150.662115346188
125.525752208948,172.820883741912,150.961623839386
125.81758071883,172.883208481092,151.558021217968
125.797484743598,172.799816224443,152.23126042571
125.942525260485,173.009613585908,152.999678717295
125.968737402092,173.270324114591,153.808264328667
126.162707249977,173.428330495612,154.440463014018
126.699182414848,174.168327046723,154.926836864487
126.797914814897,174.485217621991,155.237696991539
127.057415016798,174.942558313721,155.661200254513
127.359728383321,175.140066289996,155.94761070865
127.535349732083,175.589506662676,156.210444692478
127.807082266732,175.9994454401,156.3012577633
128.203759343038,176.028413276621,156.634821158056
128.270163435107,175.933609448009,157.002439454372
128.39685545287,175.97047760358,157.191924419456
128.60218389545,175.889718786614,157.322031607462
128.696547605233,175.6500757754,158.089576696445
128.747224412338,175.553516320332,158.756703485956
128.74285572207,175.598284794955,159.609822430139
128.962163973508,175.751024296608,160.305764905585
129.159628773607,176.400606085246,160.793011958658
129.438351212686,176.802644543619,161.447040709109
129.726684770352,176.997519080211,161.559683845035
130.091033538677,177.421502869282,162.142983184556
130.391599429094,177.982425521902,162.329848541828
130.765559316008,178.319505801413,162.646821087107
130.897493762092,178.662730773517,162.673890367833
131.268832434845,178.862872189476,162.869487751146
131.4802770438,179.17712932506,163.113111277682
131.890933928963,179.191174336707,163.301723040163
132.03597444585,179.097248321323,163.552332187532
132.271883720304,178.875161574666,164.046564861439
132.441388902691,178.824248407449,164.61065374367
132.616136513398,178.914663169922,165.080436744663
132.806611409069,179.170106819237,165.720494253449
133.001454995007,179.531765869128,166.313398821615
133.371919929707,180.070743191052,166.734282476778
133.417354308491,180.34988779752,167.223275935061
133.908395094579,180.662389306649,167.528896846487
134.163526606212,181.045993687237,167.770773967815
134.577678443587,181.280369819083,168.088619715699
134.661557296727,181.507723445107,168.190784420375
134.985714114589,181.742099576954,168.537445854192
135.121143512888,181.848314977528,168.54355827242
135.225118341258,181.963308510381,168.724311211465
135.56150749187,182.120437078174,168.704227551571
135.516073113087,182.069523910956,168.91204977134
135.695189414061,181.793012744171,169.377466759312
135.772952100826,182.084446735831,169.868206622801
135.67509343883,182.286343778245,170.455871975343
135.586845895422,182.487363007432,171.175390921101
135.915371403552,183.026340329356,171.758690260622
136.042063421315,183.543372320582,172.179573915786
136.267487839128,184.138529689092,172.486068029817
136.556695134848,184.725786738549,172.772478483953
136.988321733295,185.349034130351,172.789942536034
137.357039191888,185.868699561262,172.81264580374
137.741483935444,186.175056377795,172.83010985582
138.118065036519,186.550760439332,172.685158223545
138.222913602943,186.840438804536,172.895600051127
138.544449206644,187.014245823658,172.904332077168
138.775116052777,186.960699216757,172.957597436017
139.081798109569,187.145917807841,173.422141221384
139.298485146845,187.195075348603,173.859615726024
139.665455129331,187.296901683038,174.601837939488
139.814864336486,187.696306701728,174.9476261707
140.234258602184,187.9912519463,175.391213093571
140.536571968707,188.391534778217,175.666271913855
140.916648021996,188.908566769443,176.008567334651
141.304587717766,189.366785274402,176.131688901825
141.444385806332,189.684553662898,176.076677137769
142.069108514611,190.005833304306,176.245205240355
142.429962330722,190.181395949884,176.251317658584
142.789942408778,190.51935404262,176.271401318478
143.080023442553,190.660681972311,176.331652298159
143.251276101046,190.745829855416,176.428577787211
143.686397651707,190.918759061311,176.490575172101
143.709114841099,190.913492181944,176.746423535094
143.764160338471,190.828344298838,177.024101963189
143.679407747278,190.975816921124,177.625738557397
143.808720979202,191.183858656133,178.426465345333
143.732705768544,191.791305409833,179.041199978601
143.832311906648,192.204755440168,179.577346377503
144.060357538621,192.697208661015,179.789534610294
144.357428476823,193.304655414714,180.18946140296
144.615181202616,193.862944627652,180.516039176882
144.9445804488,194.336085957485,180.863573813303
145.237282696734,194.496725778189,181.030355510683
145.669783033235,194.813616353457,181.131647012755
146.071702537862,194.761825373011,181.440760734597
146.276157242389,194.697745007374,181.631118902285
146.481485684971,194.809227287317,181.832828703827
146.868551642687,194.92860988631,181.934993408503
147.302799455295,194.596796486168,181.992624780371
147.470557161574,194.473902634263,182.371594710541
147.608607774032,194.447568237426,182.878052220904
147.772870528098,194.509892976606,183.401100580744
147.995673731749,194.891741730739,184.033299266093
148.238572910633,195.397362150003,184.39480514418
148.41332052134,196.003931090474,184.696060042586
148.6999066029,196.564853743096,185.024384221718
148.996977541102,197.265348698952,184.97985088891
149.353462666945,197.900007662716,185.256656114402
149.724801339698,198.409139334892,185.48980120969
149.972942946903,198.722518657248,185.611176371656
150.254286600141,198.9130041277,185.770099245598
150.472721113525,198.999907637261,185.838209048716
150.874640618153,198.984984812387,186.048650876297
151.101812512072,199.070132695493,186.498350217396
151.458297637916,198.669849863575,186.878193350168
151.771969599135,198.83839000333,187.499040401665
151.899535354951,199.073643948404,188.202841700548
152.190490126779,199.659145371406,188.655160649459
152.536490395979,199.997103464144,188.883066529123
152.744440052721,200.467611354292,189.266402472311
153.059859490047,200.977620839696,189.308316197306
153.274799051218,201.405115881678,189.613937108733
153.567501299153,201.886157530562,189.467239071249
153.919617734728,202.172324642854,189.700384166536
154.198340173806,202.565584968948,189.657597238936
154.492789897848,202.706912898639,189.668075670185
154.77238607498,203.132652314165,189.741424688928
155.029265062719,203.061549442706,190.111662593055
155.425942139025,203.174787349104,190.511589385721
155.689811031193,203.295925574552,191.104493953887
155.965912256111,203.712009044572,191.667709633515
156.352978213827,204.030655246296,192.066763223577
156.695483530813,204.408992747516,192.244896554807
157.197009173544,204.977815719189,192.614261256331
157.709893410969,205.495725523643,192.951317461504
158.107444225329,205.809982659228,192.876222037554
158.581010250346,206.328770276911,193.011568441185
158.795949811516,206.675506501927,193.226376281787
159.281748169282,206.971329559726,193.270909614595
159.606778725197,207.071400267705,193.272656019803
159.713374767729,207.401458041391,193.541602421858
160.204415553817,207.39794678848,193.711003727049
160.32149645299,207.409358360443,193.903108299945
160.546920870803,207.140747512708,194.324865157712
160.794188739954,207.049454937008,194.877602406092
160.896416092217,207.30665421278,195.652133115907
161.012623253338,207.497139683232,196.286078206464
161.22319412424,207.980814771799,196.702595848607
161.660936889062,208.434644210618,196.938360551707
161.765785455486,208.920952738868,197.285895188127
162.061108917582,209.618814255041,197.299866429794
162.331967714178,210.178859094434,197.314710874063
162.620301271846,210.616010081923,197.363610219892
163.020473300365,211.189222119735,197.493717407899
163.413655424456,211.535958344752,197.195082117305
163.802468858281,211.7861351147,197.18984290168
164.172060054927,211.980131838064,197.136577542831
164.449035017898,212.104781316424,197.244854665737
164.767949407439,212.258398631304,197.285895188127
164.908621234058,212.24347580643,197.439578846445
165.124434533281,212.299655853015,197.783620672451
165.431990328126,212.487507883784,198.338104326037
165.618970271583,212.880768209878,198.721440269227
165.967591754944,213.084420878748,199.22789777959
166.317086976358,213.514549360415,199.434846796755
166.739102456218,214.132529872848,199.629570977463
167.090345153739,214.538079584134,199.898517379519
167.505370729169,215.070034400234,199.980598424301
167.933502375402,215.646757690958,199.82167555036
168.241058170246,215.889034141856,199.824295158171
168.709381766942,215.990860476291,199.790240256613
168.977619349378,216.452590234161,199.702919996206
169.35856914072,216.522815292392,199.499463789457
169.736023979847,216.615863494548,199.455803659253
169.97630194457,216.421866771184,199.636556598296
170.243665788953,216.471902125174,199.398172287383
170.553842797957,216.590406910939,199.437466404567
170.739949003361,216.47365775163,199.462789280085
170.862272330856,216.477169004541,199.344906928535
171.260696883269,216.455223673844,199.400791895197
171.34981816473,216.200657837757,199.407777516029
171.416222256798,216.277027588582,199.555348756117
171.475636444439,216.120776834019,199.2086873223
171.644267888772,216.083030865219,199.429607581131
171.871439782691,216.032117698001,199.426114770714
171.916874161474,215.985593596924,199.390313463948
171.929106494224,215.921513231287,199.518674246746
172.068030844737,215.831098468815,199.530899083205
172.223556218266,215.752095278305,199.460169672274
172.15278343593,215.751217465077,199.5946428733
172.320541142209,215.55458730203,199.614726533194
172.358985616565,215.642368624819,199.379835032699
172.318793666102,215.501040695128,199.698553983186
172.61236965209,215.419404064935,199.485492547791
172.411409899777,215.398336547466,199.589403657676
172.497036229024,215.404481240061,199.530899083205
172.51101603788,215.248230485496,199.572812808199
172.398303828973,215.400969987149,199.764044178492
172.704985885765,215.371124337401,199.591150062884
172.631591889268,215.147281964289,199.727369669121
172.664793935302,215.235063287078,199.627824572255
172.689258600801,215.25876424423,199.744833721202
172.818571832725,215.215751396065,199.720384048288
172.721586908783,215.000687155231,199.728242871724
172.620233294572,215.090224104476,199.630444180068
172.873617330098,215.016487793333,199.662752676418
172.843910236277,214.966452439343,199.62433176184
172.729450551265,214.98049745099,199.569319997782
172.840415284063,214.910272392759,199.727369669121
172.762652597298,214.835658268388,199.640049408713
172.995940657593,214.916417085354,199.849618033691
172.993319443432,214.869892984276,199.678470323292
173.051859893019,214.757532891107,199.5946428733
172.893713305329,214.663606875722,199.713398427455
172.991571967325,214.72242036199,199.753565747243
173.056228583286,214.732954120725,199.83477358942
173.09642053375,214.843558587439,199.820802347756
173.009920466449,214.555635848691,199.832153981609
172.979339634576,214.432741996787,199.80246509307
173.092925581536,214.639028105341,199.890658556082
173.053607369126,214.491555483055,199.814689929528
173.081566986839,214.445031381978,199.888912150874
173.052733631072,214.463465459763,200.032117377942
173.053607369126,214.515256440208,199.92645986285
173.035258870002,214.371295070835,199.891531758686
173.030890179734,214.273857802539,199.823421955568
173.115642770927,214.40201853381,200.005048097217
173.223112551513,214.287902814185,199.88367293525
173.018657846984,214.28175812159,199.985837639925
173.216996385138,214.167642401964,199.998062476384
173.184668077156,214.471365778814,199.915108228995
173.22748124178,214.24840121893,199.961387967012
173.114769032874,214.28175812159,200.039976201378
173.120885199248,214.185198666522,199.957021953992
173.095546795696,214.175542721016,199.952655940971
173.160203411658,214.262446230577,199.922967052434
173.11389529482,214.114095795063,199.974486006073
172.9111880664,214.150963950634,200.082763128979
173.061471011608,214.270346549627,200.025131757109
172.977592158469,214.159742082913,200.041722606587
173.018657846984,214.061427001389,200.091495155019
172.936526469952,214.076349826264,200.155238945116
173.028268965573,214.104439849556,200.25041802896
173.007299252288,214.020169779678,200.099353978456
173.189910505478,214.143063631584,200.13690169043
172.953127492969,214.114095795063,200.12816966439
173.144476126694,214.0113916474,200.054820645648
173.01254168061,213.899909367457,200.170083389386
173.089430629322,214.040359483921,200.145633716471
172.901576947811,214.037726044237,200.223348748234
173.037880084163,214.014025087084,200.287965740937
172.92866282747,213.876208410305,200.193659859696
173.014289156717,214.038603857465,200.079270318563
172.914683018614,213.917465632016,200.184054631051
172.860511259295,213.997346635753,200.238193192504
172.912061804453,213.951700347903,200.20326508834
172.94351637438,213.82002836372,200.276614107082
172.822940522992,213.829684309227,200.154365742513
172.880607234526,213.834073375366,200.287965740937
172.917304232774,213.808616791758,200.244305610732
172.876238544258,213.634809772635,200.228587963858
172.875364806205,213.785793647833,200.328133060723
172.97060225404,213.796327406567,200.399735674257
172.677900006106,213.767359570047,200.196279467507
172.767021287566,213.788427087516,200.411960510713
172.97060225404,213.805983352073,200.24605201594
172.810708190243,213.768237383274,200.431170968004
172.866627425669,213.7910605272,200.348216720617
172.758283907031,213.802472099162,200.211123911777
172.752167740656,213.805105538846,200.394496458633
172.882354710633,213.838462441506,200.298444172184
172.834299117688,213.716446402829,200.440776196649
172.866627425669,213.746292052577,200.372666393531
172.774011191994,213.458369313829,200.349089923221
172.65430907866,213.594430364152,200.262642865418
172.65693029282,213.604086309659,200.186674238863
172.751294002603,213.548784076302,200.257403649794
172.832551641582,213.571607220227,200.220729140422
172.742556622067,213.473292138704,200.214616722194
172.813329404403,213.514549360415,200.286219335727
172.829930427421,213.48294808421,200.238193192504
172.76789502562,213.655877290104,200.314161819058
172.701490933551,213.531227811744,200.21810953261
172.704112147711,213.415356465663,200.255657244585
172.670036363624,213.365321111673,200.487055934665
172.679647482213,213.397800201105,200.578742208093
172.787117262798,213.461880566741,200.438156588836
172.744304098174,213.441690862499,200.284472930519
172.637708055642,213.445202115411,200.339484694576
172.761778859245,213.369710177813,200.377032406551
172.81245566635,213.468025259336,200.443395804462
172.890218353115,213.389022068826,200.418946131547
172.671783839731,213.264372590466,200.459113451334
172.559071630824,213.32933076933,200.412833713318
172.784496048636,213.363565485217,200.408467700298
172.59489489102,213.367076738129,200.432044170609
172.626349460947,213.532983438201,200.456493843523
172.512763513987,213.440813049272,200.431170968004
172.562566583039,213.48733715035,200.350836328429
172.670910101677,213.446957741867,200.390130445612
172.651687864499,213.477681204843,200.350836328429
172.715470742408,213.405700520156,200.539448090909
172.692753553016,213.42501241117,200.348216720617
172.547713036128,213.485581523894,200.568263776844
172.64207674591,213.368832364585,200.472211490395
172.749546526496,213.398678014333,200.499280771121
172.561692844985,213.518060613326,200.294078159164
172.688384862748,213.488214963578,200.480943516436
172.586157510484,213.642710091687,200.301063779997
172.518005942309,213.483825897438,200.42156573936
172.628096937054,213.48733715035,200.482689921645
172.691006076908,213.459247127057,200.542940901325
172.629844413161,213.639198838775,200.525476849245
172.551207988342,213.414478652435,200.48181671904
172.673531315838,213.386388629142,200.521984038828
172.710228314086,213.354787352938,200.503646784142
172.637708055642,213.331086395785,200.391003648217
172.62460198484,213.464514006424,200.503646784142
172.645571698125,213.248571952363,200.473084692999
172.613243390143,213.337231088381,200.415453321131
172.573051439681,213.349520473571,200.459986653938
172.512763513987,213.454858060918,200.488802339873
172.763526335352,213.220481929071,200.428551360193
172.589652462699,213.310896691544,200.441649399254
172.550334250288,213.239793820085,200.329006263327
172.483930158221,213.353909539711,200.317654629474
172.520627156469,213.325819516419,200.327259858119
172.474319039632,213.327575142874,200.460859856542
172.652561602553,213.313530131228,200.484436326854
172.434127089169,213.144112178245,200.351709531033
172.479561467953,213.330208582558,200.464352666959
172.463834182989,213.227504434895,200.455620640918
172.536354441432,213.331086395785,200.375286001344
172.379081591796,213.324063889962,200.31241541385
172.431505875008,213.310018878316,200.32114743989
172.445485683865,213.331964209014,200.277487309687
172.421021018366,213.271395096289,200.36830038051
172.255010788193,213.236282567173,200.385764432592
172.45160185024,213.294218240214,200.393623256029
172.414904851991,213.243305072996,200.330752668535
172.407914947563,213.215215049704,200.379652014363
172.440243255544,213.284562294707,200.404974889881
172.431505875008,213.22926006135,200.342104302387
172.398303828973,213.317041384139,200.370919988322
172.416652328098,213.198536598374,200.462606261752
172.413157375884,213.324941703191,200.519364431016
172.480435206006,213.169568761853,200.36830038051
172.324036094423,213.353031726483,200.500153973726
172.380829067903,213.390777695282,200.348216720617
172.419273542258,213.288951360847,200.251291231565
172.214818837731,213.446079928638,200.397116066446
172.31093002362,213.416234278891,200.348216720617
172.263748168729,213.400433640789,200.385764432592
172.377334115689,213.410967399523,200.301936982602
172.320541142209,213.417989905346,200.404101687278
172.296076476709,213.271395096289,200.448635020085
172.317919928048,213.292462613758,200.294951361769
172.172879411161,213.339864528064,200.348216720617
172.248020883765,213.235404753945,200.207631101362
172.372965425421,213.216092862932,200.322893845099
172.303940119191,213.17132438831,200.39187685082
172.364228044886,213.195025345463,200.267008878438
172.297823952817,213.205559104198,200.30368338781
172.250642097926,213.272272909517,200.277487309687
172.303066381138,213.137089672422,200.377905609155
172.204333981088,213.113388715269,200.211997114382
172.27860171564,213.115144341725,200.298444172184
172.249768359873,213.061597734823,200.265262473229
172.25151583598,212.948359828426,200.277487309687
172.217440051892,213.076520559698,200.289712146143
172.248020883765,212.978205478174,200.330752668535
172.129192508484,212.962404840072,200.255657244585
172.176374363375,213.100221516851,200.418072928942
172.204333981088,213.097588077167,200.332499073744
172.20957640941,212.956260147477,200.416326523735
172.213071361624,213.118655594636,200.262642865418
172.16763698284,213.202925664514,200.409340902902
172.159773340358,213.303874185721,200.339484694576
172.233167336855,213.168690948627,200.392750053425
172.351121974083,213.357420792623,200.239939597713
172.289086572281,213.16693532217,200.221602343026
172.232293598802,213.301240746037,200.22247554563
172.282970405907,213.014195820517,200.288838943541
172.354616926297,213.181858147044,200.216363127402
172.184238005857,3115.1481194799,200.207631101362
172.311803761673,213.146745617929,200.208504303965
172.137056150966,213.07125368033,200.153492539908
172.073273273058,213.124800287232,200.186674238863
172.202586504982,212.912369486082,200.239066395107
172.287339096174,213.115144341725,200.267008878438
172.14055110318,212.929047937412,200.370046785718
172.286465358121,213.021218326341,200.241686002921
172.257632002354,212.980838917857,200.243432408127
172.158025864251,213.02560739248,200.301063779997
172.146667269555,213.00453987501,200.387510837801
172.214818837731,212.923781058045,200.196279467507
172.138803627073,213.009806754378,200.362187962282
172.131813722645,213.022973952797,200.236446787295
172.304813857245,213.111633088813,200.280980120104
172.125697556271,213.211703796793,200.159604958138
172.305687595299,213.135334045966,200.169210186781
172.296076476709,213.135334045966,200.287965740937
172.305687595299,212.966793906211,200.267008878438
172.24190471739,213.141478738561,200.21810953261
172.334520951066,213.018584886657,200.228587963858
172.195596600553,212.977327664946,200.172702997199
172.344132069655,212.978205478174,200.294078159164
172.160647078411,213.052819602545,200.124676853974
172.137056150966,213.068620240647,200.152619337305
172.141424841233,213.062475548052,200.138648095639
172.135308674859,213.108121835902,200.282726525312
172.265495644836,213.144989991473,200.258276852396
172.225303694374,213.080031812609,200.151746134699
172.260253216515,212.979083291401,200.177942212822
172.31093002362,213.044041470265,200.148253324283
172.213071361624,213.022973952797,200.101973586267
172.09599046245,212.983472357541,200.173576199802
172.217440051892,212.922903244817,200.27836051229
172.09599046245,213.000150808871,200.196279467507
172.284717882014,213.023851766025,200.013780123256
139.722248102812,189.755656534357,195.913220694524
92.074690829299,149.801109653738,138.127291964702
68.7817080600662,110.572514312583,92.9451696220895
44.755659063916,77.4903671931115,63.3828954611563
23.105303835333,55.0104482400884,41.6698395082458
6.8397962306949,39.3116364725129,27.8522815013757
-4.79839464241286,22.9342750797782,17.406158748835
-10.4401212540984,12.4444070064987,12.3284856061437
3157.89395493347,3.52845805082461,8.30913401958878
-12.1054659841393,-0.965067862741762,7.98517585347781
-11.5794756759105,-3.19998034094851,7.80966213005922
-11.1557127199453,-4.25160058796018,7.76862160766814
-10.8577680436892,-4.79057790988463,7.63938762226462
-10.738939668408,-5.29356488946451,7.72583468006906
-10.6157426028599,-5.58236544144029,7.81228173787167
-10.6087526984311,-5.79830749550092,7.75290396079527
-10.474197038187,-5.90276726962065,7.75115755558636
-10.2129493601797,-6.15996654539185,7.77298762068858
-10.3754646381371,-6.32323980577985,7.8917431748423
-10.0880048185236,-6.36976390685732,7.88301114880142
